#version: baseline-equal-weight-bpe
224 164 256
224 165 257
224 176 258
256 190 259
259 256 260
257 141 261
261 256 262
224 177 263
257 135 264
256 149 265
256 191 266
116 104 267
256 176 268
97 110 269
105 110 270
256 164 271
257 128 272
256 184 273
101 114 274
111 110 275
256 174 276
256 168 277
256 130 278
263 141 279
267 101 280
97 108 281
258 190 282
256 170 283
279 258 284
256 185 285
97 114 286
111 114 287
101 100 288
116 105 289
101 110 290
50 48 291
101 115 292
258 191 293
282 258 294
256 178 295
100 105 296
256 181 297
111 102 298
73 110 299
257 139 300
260 176 301
262 176 302
262 175 303
256 166 304
105 115 305
256 175 306
269 100 307
263 129 308
256 173 309
258 130 310
299 296 311
257 129 312
97 115 313
97 116 314
256 151 315
256 156 316
114 105 317
293 258 318
111 109 319
256 182 320
311 97 321
289 275 322
114 101 323
310 258 324
256 133 325
99 104 326
291 49 327
256 172 328
257 130 329
270 103 330
258 176 331
290 116 332
105 116 333
111 117 334
265 264 335
116 111 336
256 154 337
256 134 338
258 168 339
258 164 340
105 99 341
258 170 342
257 136 343
226 128 344
301 271 345
268 262 346
309 345 347
101 116 348
49 57 349
260 164 350
258 149 351
115 116 352
258 178 353
256 167 354
108 101 355
264 278 356
84 104 357
97 109 358
256 163 359
260 168 360
283 302 361
97 322 362
108 121 363
112 46 364
273 262 365
257 164 366
263 135 367
41 46 368
276 356 369
291 48 370
258 166 371
258 184 372
266 265 373
260 178 374
117 114 375
258 181 376
284 176 377
108 105 378
46 91 379
114 97 380
273 264 381
101 109 382
357 101 383
118 274 384
285 343 385
256 161 386
258 174 387
101 99 388
102 287 389
118 288 390
263 139 391
268 260 392
256 150 393
111 108 394
294 176 395
116 274 396
344 147 397
263 128 398
97 103 399
260 130 400
266 306 401
105 103 402
117 108 403
114 111 404
114 319 405
99 101 406
105 108 407
294 178 408
266 271 409
117 115 410
269 103 411
256 165 412
265 262 413
97 100 414
305 116 415
256 159 416
111 112 417
303 259 418
55 56 419
273 278 420
300 278 421
115 105 422
118 101 423
105 114 424
272 306 425
297 266 426
102 405 427
289 99 428
114 292 429
34 46 430
117 110 431
265 272 432
256 135 433
285 264 434
258 182 435
115 46 436
256 148 437
258 173 438
99 275 439
277 264 440
49 48 441
256 143 442
98 274 443
73 83 444
437 268 445
116 101 446
260 154 447
256 137 448
291 50 449
260 184 450
66 78 451
256 188 452
257 167 453
57 419 454
284 175 455
444 451 456
333 121 457
454 45 458
100 101 459
311 269 460
49 46 461
262 164 462
115 44 463
304 264 464
265 259 465
260 174 466
48 48 467
97 121 468
104 105 469
65 114 470
111 119 471
271 266 472
98 121 473
117 109 474
413 183 475
39 115 476
265 300 477
295 264 478
100 117 479
183 262 480
116 117 481
257 131 482
109 332 483
338 434 484
115 101 485
115 104 486
119 105 487
258 151 488
314 101 489
392 156 490
112 364 491
292 116 492
97 99 493
317 101 494
101 108 495
109 97 496
258 154 497
49 45 498
270 281 499
324 166 500
453 257 501
82 348 502
367 435 503
105 275 504
309 260 505
494 390 506
502 506 507
258 156 508
283 268 509
287 402 510
342 377 511
258 161 512
258 175 513
326 105 514
97 98 515
263 134 516
286 121 517
464 320 518
256 179 519
385 366 520
265 268 521
273 276 522
371 503 523
267 274 524
283 312 525
111 100 526
272 295 527
510 499 528
105 109 529
278 315 530
98 101 531
293 46 532
99 105 533
487 267 534
85 110 535
277 262 536
263 130 537
48 45 538
318 149 539
395 340 540
401 259 541
52 46 542
93 91 543
108 100 544
318 168 545
438 540 546
103 101 547
97 107 548
111 116 549
271 302 550
411 117 551
470 514 552
552 390 553
50 54 554
551 399 555
67 104 556
117 116 557
262 181 558
353 308 559
265 301 560
101 120 561
115 117 562
49 54 563
49 56 564
72 270 565
111 384 566
480 159 567
258 159 568
49 55 569
408 308 570
57 46 571
258 133 572
313 116 573
105 100 574
119 313 575
273 260 576
285 266 577
384 115 578
257 166 579
263 136 580
329 277 581
331 284 582
50 46 583
101 286 584
271 272 585
67 275 586
277 260 587
346 181 588
347 425 589
97 44 590
257 168 591
268 272 592
284 168 593
349 57 594
365 165 595
256 136 596
271 264 597
276 312 598
97 112 599
111 103 600
260 166 601
53 46 602
103 104 603
285 300 604
287 121 605
578 457 606
286 101 607
334 110 608
99 108 609
256 171 610
294 168 611
458 538 612
80 429 613
97 270 614
101 112 615
287 544 616
99 319 617
304 266 618
49 51 619
55 46 620
295 272 621
382 443 622
49 53 623
101 44 624
115 111 625
306 259 626
365 164 627
490 303 628
334 114 629
372 284 630
115 112 631
271 259 632
305 104 633
101 119 634
102 102 635
112 286 636
277 259 637
285 312 638
316 350 639
40 327 640
49 50 641
48 46 642
99 281 643
105 281 644
385 278 645
274 101 646
114 117 647
321 476 648
105 606 649
112 108 650
178 391 651
256 152 652
258 172 653
297 346 654
412 259 655
525 268 656
112 274 657
119 469 658
108 555 659
258 167 660
287 116 661
294 164 662
258 137 663
283 329 664
50 51 665
260 170 666
439 116 667
535 649 668
49 52 669
97 118 670
276 277 671
567 302 672
40 80 673
49 44 674
65 110 675
290 100 676
117 100 677
277 266 678
321 46 679
362 281 680
374 264 681
442 265 682
658 326 683
51 46 684
112 404 685
354 303 686
484 46 687
292 44 688
500 532 689
258 185 690
317 116 691
339 593 692
386 452 693
69 110 694
104 313 695
260 185 696
275 103 697
290 406 698
415 605 699
41 44 700
112 317 701
115 289 702
258 134 703
271 303 704
396 110 705
40 370 706
50 53 707
54 46 708
267 314 709
269 115 710
324 151 711
325 309 712
353 391 713
109 101 714
121 44 715
276 329 716
50 56 717
65 422 718
276 266 719
346 174 720
99 332 721
68 70 722
103 504 723
260 175 724
271 462 725
281 108 726
285 272 727
304 262 728
331 294 729
613 436 730
673 722 731
109 111 732
112 111 733
295 259 734
46 46 735
260 181 736
270 101 737
294 175 738
324 154 739
339 308 740
341 281 741
344 162 742
565 479 743
702 481 744
256 160 745
256 183 746
272 277 747
284 159 748
334 267 749
105 97 750
260 156 751
276 360 752
417 403 753
505 183 754
536 166 755
260 163 756
262 178 757
273 268 758
324 161 759
400 337 760
100 274 761
119 104 762
265 266 763
546 523 764
566 110 765
98 108 766
301 262 767
333 115 768
389 109 769
268 329 770
398 513 771
412 266 772
56 46 773
257 140 774
284 164 775
314 288 776
321 44 777
324 651 778
48 44 779
55 44 780
72 699 781
99 116 782
109 407 783
258 135 784
266 315 785
278 304 786
379 51 787
472 772 788
117 352 789
392 672 790
716 295 791
765 483 792
108 111 793
256 157 794
276 285 795
305 109 796
313 115 797
325 277 798
788 58 799
114 121 800
269 406 801
276 262 802
316 272 803
46 59 804
50 52 805
119 101 806
257 170 807
271 268 808
276 686 809
277 272 810
278 386 811
327 461 812
351 308 813
361 518 814
712 785 815
815 671 816
74 117 817
97 289 818
108 288 819
116 115 820
284 178 821
294 130 822
334 116 823
643 102 824
77 348 825
99 111 826
100 111 827
104 97 828
105 107 829
297 264 830
302 264 831
458 498 832
825 824 833
51 44 834
67 319 835
104 286 836
108 286 837
274 44 838
316 277 839
360 264 840
119 646 841
256 162 842
257 171 843
317 100 844
331 318 845
388 275 846
817 363 847
105 292 848
117 112 849
728 167 850
753 362 851
77 286 852
102 341 853
284 181 854
351 284 855
365 181 856
387 308 857
482 271 858
501 175 859
50 55 860
52 48 861
87 616 862
99 322 863
109 286 864
260 136 865
266 359 866
316 266 867
358 101 868
645 366 869
49 93 870
54 44 871
82 101 872
83 749 873
97 46 874
111 107 875
320 450 876
349 54 877
393 409 878
433 273 879
56 44 880
274 115 881
297 303 882
337 264 883
365 149 884
388 116 885
422 275 886
481 323 887
598 393 888
656 681 889
109 270 890
116 380 891
258 163 892
325 273 893
389 100 894
50 50 895
53 48 896
109 269 897
273 466 898
278 550 899
309 272 900
334 115 901
376 318 902
889 878 903
99 121 904
118 105 905
257 137 906
293 739 907
350 527 908
664 588 909
744 322 910
50 57 911
52 44 912
117 766 913
119 286 914
120 894 915
271 655 916
273 266 917
304 475 918
334 603 919
424 352 920
918 866 921
79 915 922
99 403 923
312 295 924
354 360 925
358 98 926
447 418 927
484 271 928
99 292 929
111 99 930
112 104 931
112 661 932
263 138 933
288 46 934
293 689 935
295 300 936
314 292 937
327 49 938
577 755 939
45 48 940
51 48 941
111 524 942
257 173 943
262 154 944
269 105 945
276 300 946
281 363 947
339 293 948
394 600 949
98 111 950
103 290 951
164 377 952
274 110 953
290 115 954
319 101 955
758 560 956
67 69 957
99 323 958
257 172 959
260 172 960
287 101 961
295 266 962
296 322 963
349 52 964
354 373 965
65 701 966
110 287 967
113 117 968
257 169 969
278 354 970
375 330 971
562 98 972
654 183 973
966 108 974
50 44 975
97 102 976
98 388 977
108 307 978
256 480 979
266 276 980
319 341 981
423 108 982
608 116 983
844 547 984
50 93 985
65 108 986
83 116 987
115 115 988
115 121 989
121 584 990
260 129 991
271 265 992
287 100 993
292 46 994
308 559 995
323 723 996
354 720 997
374 272 998
448 725 999
526 953 1000
677 100 1001
53 93 1002
67 926 1003
101 118 1004
102 108 1005
269 116 1006
285 259 1007
337 418 1008
378 275 1009
449 461 1010
659 101 1011
54 93 1012
78 634 1013
98 557 1014
105 44 1015
256 147 1016
260 179 1017
268 300 1018
306 312 1019
313 446 1020
346 165 1021
402 104 1022
404 119 1023
467 48 1024
475 264 1025
608 100 1026
1003 984 1027
77 97 1028
111 118 1029
119 616 1030
273 301 1031
274 281 1032
290 103 1033
309 329 1034
374 306 1035
530 831 1036
630 165 1037
74 269 1038
79 99 1039
98 348 1040
107 101 1041
112 269 1042
117 103 1043
316 452 1044
327 542 1045
336 443 1046
349 55 1047
371 284 1048
420 884 1049
615 116 1050
828 423 1051
1039 1046 1052
49 49 1053
51 93 1054
102 920 1055
110 549 1056
269 44 1057
270 336 1058
271 350 1059
308 340 1060
321 58 1061
374 259 1062
429 115 1063
441 46 1064
556 270 1065
667 270 1066
718 97 1067
1025 550 1068
57 93 1069
102 101 1070
105 118 1071
108 292 1072
116 44 1073
257 175 1074
260 149 1075
268 264 1076
289 109 1077
304 558 1078
344 140 1079
732 352 1080
913 341 1081
50 49 1082
83 1050 1083
97 106 1084
108 633 1085
109 274 1086
115 274 1087
256 155 1088
257 174 1089
258 146 1090
262 170 1091
265 541 1092
286 428 1093
304 303 1094
306 285 1095
324 159 1096
328 638 1097
331 308 1098
337 272 1099
347 350 1100
399 101 1101
413 164 1102
533 281 1103
790 425 1104
1083 622 1105
69 439 1106
77 270 1107
78 680 1108
109 305 1109
114 281 1110
115 275 1111
265 302 1112
268 312 1113
280 424 1114
286 100 1115
323 378 1116
426 320 1117
447 264 1118
505 151 1119
731 41 1120
770 283 1121
888 303 1122
903 366 1123
65 1043 1124
76 555 1125
103 114 1126
103 492 1127
273 588 1128
281 625 1129
287 107 1130
295 757 1131
349 45 1132
431 101 1133
1124 789 1134
50 45 1135
51 45 1136
52 368 1137
56 48 1138
67 332 1139
100 971 1140
116 121 1141
273 272 1142
297 272 1143
305 396 1144
327 571 1145
352 382 1146
402 110 1147
447 272 1148
580 339 1149
635 341 1150
711 282 1151
731 368 1152
786 302 1153
855 183 1154
989 1146 1155
34 383 1156
52 93 1157
53 44 1158
57 44 1159
83 446 1160
100 292 1161
103 792 1162
112 101 1163
112 114 1164
272 283 1165
273 312 1166
286 105 1167
288 750 1168
300 295 1169
306 264 1170
313 104 1171
314 274 1172
342 367 1173
344 148 1174
375 121 1175
431 100 1176
496 428 1177
508 662 1178
565 296 1179
587 181 1180
806 290 1181
928 46 1182
939 272 1183
68 388 1184
69 375 1185
74 1133 1186
77 468 1187
80 108 1188
80 851 1189
83 104 1190
97 267 1191
100 388 1192
109 961 1193
116 119 1194
117 99 1195
267 305 1196
277 303 1197
298 853 1198
300 315 1199
321 430 1200
325 965 1201
372 324 1202
531 290 1203
576 165 1204
586 910 1205
976 396 1206
55 93 1207
56 93 1208
79 1150 1209
97 326 1210
99 1020 1211
108 471 1212
110 471 1213
183 748 1214
184 775 1215
256 567 1216
260 159 1217
273 328 1218
275 101 1219
278 328 1220
288 105 1221
289 423 1222
305 101 1223
362 115 1224
370 55 1225
394 100 1226
537 512 1227
729 156 1228
738 532 1229
954 410 1230
982 417 1231
52 45 1232
57 45 1233
80 404 1234
83 710 1235
99 317 1236
116 375 1237
258 142 1238
284 154 1239
289 292 1240
290 289 1241
320 944 1242
366 91 1243
595 360 1244
694 103 1245
809 264 1246
852 326 1247
936 265 1248
958 313 1249
1218 381 1250
1235 107 1251
65 486 1252
101 355 1253
111 98 1254
112 355 1255
115 379 1256
273 304 1257
279 1079 1258
291 291 1259
297 373 1260
304 300 1261
315 312 1262
315 359 1263
315 626 1264
318 164 1265
325 1036 1266
339 318 1267
376 455 1268
488 282 1269
591 579 1270
609 797 1271
663 692 1272
735 46 1273
754 259 1274
842 452 1275
999 268 1276
1040 1181 1277
1109 886 1278
58 1064 1279
66 317 1280
71 792 1281
84 529 1282
98 549 1283
101 98 1284
110 474 1285
111 485 1286
117 517 1287
256 129 1288
262 174 1289
278 271 1290
295 315 1291
308 46 1292
323 101 1293
359 266 1294
370 871 1295
382 332 1296
493 107 1297
519 264 1298
529 281 1299
543 51 1300
612 1132 1301
659 292 1302
934 368 1303
990 115 1304
1038 1287 1305
1178 771 1306
1198 644 1307
1251 691 1308
44 91 1309
52 51 1310
73 116 1311
75 46 1312
83 326 1313
102 105 1314
104 414 1315
109 275 1316
111 526 1317
262 183 1318
270 406 1319
277 466 1320
283 416 1321
292 115 1322
297 278 1323
304 272 1324
316 300 1325
410 288 1326
448 283 1327
495 108 1328
764 310 1329
1066 332 1330
65 102 1331
82 615 1332
97 424 1333
105 1279 1334
258 150 1335
266 320 1336
269 110 1337
288 436 1338
292 705 1339
319 121 1340
335 1153 1341
337 409 1342
342 308 1343
389 101 1344
496 270 1345
508 339 1346
827 1334 1347
837 1127 1348
867 273 1349
1117 558 1350
1185 417 1351
52 54 1352
84 281 1353
97 119 1354
100 410 1355
104 274 1356
104 474 1357
111 115 1358
112 105 1359
116 317 1360
265 374 1361
267 919 1362
273 329 1363
276 272 1364
294 174 1365
297 592 1366
301 272 1367
316 924 1368
320 541 1369
328 970 1370
333 288 1371
373 259 1372
378 109 1373
433 811 1374
438 294 1375
440 265 1376
447 747 1377
497 516 1378
524 110 1379
586 103 1380
595 666 1381
653 512 1382
660 539 1383
733 115 1384
891 963 1385
1160 270 1386
1368 865 1387
66 105 1388
66 957 1389
68 101 1390
110 101 1391
111 104 1392
112 429 1393
116 288 1394
263 131 1395
269 107 1396
270 609 1397
273 309 1398
286 44 1399
286 116 1400
287 105 1401
289 486 1402
297 268 1403
305 428 1404
318 175 1405
325 283 1406
325 1376 1407
353 279 1408
361 1377 1409
376 308 1410
380 931 1411
420 393 1412
428 281 1413
447 259 1414
561 116 1415
639 272 1416
882 297 1417
1123 46 1418
1245 1085 1419
1280 1402 1420
40 1338 1421
70 1284 1422
97 105 1423
99 288 1424
147 278 1425
276 899 1426
277 373 1427
280 1177 1428
283 1242 1429
294 166 1430
297 343 1431
302 751 1432
310 44 1433
312 1031 1434
315 264 1435
315 302 1436
320 373 1437
385 44 1438
410 341 1439
597 46 1440
898 1432 1441
949 121 1442
977 868 1443
1059 46 1444
1194 111 1445
1214 377 1446
1285 443 1447
1353 1283 1448
1429 980 1449
1441 303 1450
41 58 1451
55 45 1452
66 1001 1453
99 983 1454
112 323 1455
116 97 1456
116 114 1457
117 323 1458
172 268 1459
196 129 1460
260 151 1461
265 1017 1462
273 285 1463
276 264 1464
295 418 1465
304 302 1466
316 581 1467
318 151 1468
324 952 1469
328 601 1470
347 927 1471
426 354 1472
627 360 1473
647 517 1474
657 105 1475
729 1446 1476
759 293 1477
979 160 1478
1380 1063 1479
1422 1474 1480
51 54 1481
54 368 1482
55 368 1483
69 109 1484
80 380 1485
83 101 1486
98 114 1487
98 269 1488
99 107 1489
103 269 1490
103 323 1491
103 1023 1492
108 330 1493
112 851 1494
118 290 1495
258 183 1496
266 416 1497
275 45 1498
275 100 1499
276 756 1500
285 268 1501
294 184 1502
303 350 1503
314 97 1504
327 779 1505
328 277 1506
351 377 1507
361 560 1508
407 100 1509
417 355 1510
472 285 1511
515 355 1512
568 748 1513
576 185 1514
577 276 1515
600 1411 1516
604 632 1517
612 53 1518
636 116 1519
696 272 1520
703 582 1521
719 295 1522
1125 101 1523
1209 644 1524
1421 368 1525
46 34 1526
51 53 1527
80 274 1528
98 281 1529
102 116 1530
103 105 1531
109 1000 1532
116 404 1533
118 305 1534
258 136 1535
267 269 1536
268 359 1537
271 300 1538
276 767 1539
278 808 1540
281 105 1541
284 174 1542
292 101 1543
294 149 1544
296 115 1545
318 178 1546
327 880 1547
328 268 1548
328 302 1549
338 354 1550
338 1294 1551
339 367 1552
340 775 1553
351 391 1554
358 332 1555
367 371 1556
387 933 1557
396 109 1558
431 761 1559
478 46 1560
478 393 1561
562 326 1562
610 452 1563
719 519 1564
783 1009 1565
835 1278 1566
890 1144 1567
972 1330 1568
1044 272 1569
1049 482 1570
1184 622 1571
1342 302 1572
1359 323 1573
1417 595 1574
1511 450 1575
48 368 1576
53 45 1577
56 368 1578
65 988 1579
67 46 1580
68 121 1581
70 287 1582
77 614 1583
80 548 1584
97 117 1585
100 801 1586
102 274 1587
111 446 1588
115 58 1589
115 326 1590
256 145 1591
260 167 1592
260 182 1593
260 1425 1594
265 386 1595
269 97 1596
280 109 1597
283 285 1598
290 110 1599
304 295 1600
318 170 1601
320 271 1602
340 293 1603
346 156 1604
351 1227 1605
355 58 1606
358 105 1607
375 114 1608
382 98 1609
401 421 1610
403 116 1611
411 101 1612
414 101 1613
439 115 1614
471 274 1615
524 101 1616
546 771 1617
721 1175 1618
760 418 1619
795 301 1620
1030 476 1621
1584 415 1622
40 594 1623
48 93 1624
50 498 1625
56 45 1626
56 53 1627
57 368 1628
72 286 1629
87 829 1630
91 49 1631
104 415 1632
106 287 1633
111 121 1634
111 378 1635
112 375 1636
160 272 1637
262 168 1638
269 46 1639
270 1249 1640
293 500 1641
297 277 1642
299 827 1643
328 272 1644
328 530 1645
337 312 1646
349 53 1647
351 367 1648
352 489 1649
362 44 1650
410 101 1651
411 292 1652
412 272 1653
426 1472 1654
446 120 1655
497 1239 1656
539 293 1657
618 1131 1658
660 611 1659
740 1477 1660
819 547 1661
876 277 1662
967 1379 1663
1048 166 1664
1266 1569 1665
53 368 1666
56 498 1667
57 48 1668
65 109 1669
66 1033 1670
67 1230 1671
68 495 1672
73 115 1673
75 1171 1674
77 117 1675
77 1000 1676
80 114 1677
99 993 1678
100 319 1679
103 348 1680
104 121 1681
105 112 1682
108 697 1683
109 105 1684
110 634 1685
110 680 1686
112 287 1687
116 290 1688
117 317 1689
118 281 1690
258 179 1691
259 44 1692
260 143 1693
263 140 1694
270 296 1695
276 343 1696
294 172 1697
301 259 1698
319 290 1699
327 583 1700
328 693 1701
342 408 1702
354 272 1703
355 286 1704
358 697 1705
372 545 1706
400 271 1707
433 1575 1708
466 312 1709
482 1216 1710
493 116 1711
522 262 1712
572 1383 1713
639 259 1714
678 720 1715
743 796 1716
762 111 1717
822 340 1718
846 981 1719
904 609 1720
909 272 1721
1106 981 1722
1231 483 1723
1351 101 1724
1572 1321 1725
1574 259 1726
1581 1111 1727
1658 272 1728
49 397 1729
71 117 1730
82 823 1731
83 46 1732
108 737 1733
109 1439 1734
110 97 1735
114 305 1736
115 955 1737
256 138 1738
260 672 1739
268 1366 1740
276 271 1741
283 450 1742
284 149 1743
284 170 1744
296 631 1745
297 259 1746
297 601 1747
300 693 1748
313 44 1749
314 116 1750
315 268 1751
334 544 1752
337 259 1753
359 272 1754
370 620 1755
387 395 1756
394 341 1757
407 108 1758
426 925 1759
449 602 1760
496 1633 1761
508 398 1762
533 332 1763
536 185 1764
570 44 1765
603 116 1766
625 1103 1767
628 421 1768
630 181 1769
631 388 1770
837 547 1771
855 149 1772
897 121 1773
1437 1318 1774
1514 409 1775
1643 45 1776
1720 417 1777
1731 1661 1778
51 368 1779
52 53 1780
70 405 1781
77 46 1782
78 101 1783
82 1084 1784
86 288 1785
104 101 1786
110 111 1787
112 388 1788
116 281 1789
117 1404 1790
119 1339 1791
265 1520 1792
268 259 1793
268 475 1794
273 300 1795
275 44 1796
279 44 1797
285 301 1798
294 159 1799
305 288 1800
316 262 1801
324 164 1802
325 315 1803
325 1021 1804
328 400 1805
330 44 1806
330 104 1807
331 580 1808
333 101 1809
346 163 1810
349 56 1811
351 408 1812
378 1070 1813
395 1292 1814
400 1246 1815
448 271 1816
511 1659 1817
511 1718 1818
521 359 1819
535 1371 1820
536 168 1821
603 281 1822
694 1777 1823
705 680 1824
718 269 1825
798 303 1826
818 423 1827
846 100 1828
923 887 1829
1252 274 1830
1374 541 1831
1475 526 1832
52 52 1833
54 45 1834
55 55 1835
65 99 1836
65 782 1837
67 394 1838
78 1029 1839
80 286 1840
82 46 1841
83 111 1842
84 358 1843
98 117 1844
99 97 1845
100 114 1846
100 355 1847
101 313 1848
101 384 1849
103 380 1850
105 326 1851
110 1498 1852
111 296 1853
115 1319 1854
118 424 1855
260 150 1856
264 271 1857
265 312 1858
266 1473 1859
270 115 1860
272 271 1861
280 121 1862
290 44 1863
299 1355 1864
304 301 1865
308 376 1866
314 330 1867
315 530 1868
323 108 1869
327 642 1870
333 274 1871
349 896 1872
361 472 1873
365 178 1874
370 780 1875
420 652 1876
443 103 1877
496 1428 1878
522 306 1879
533 698 1880
563 93 1881
587 151 1882
618 1712 1883
660 455 1884
666 462 1885
760 259 1886
864 107 1887
876 409 1888
930 99 1889
946 745 1890
950 267 1891
962 442 1892
964 55 1893
967 267 1894
1018 803 1895
1048 167 1896
1093 1606 1897
1195 1704 1898
1384 288 1899
1405 282 1900
1412 418 1901
1426 272 1902
1515 1035 1903
1518 1625 1904
1539 154 1905
1549 1497 1906
1620 1739 1907
1839 622 1908
1883 1459 1909
34 67 1910
66 104 1911
68 382 1912
77 269 1913
80 431 1914
83 1807 1915
97 104 1916
99 394 1917
103 286 1918
104 1022 1919
106 515 1920
112 676 1921
114 288 1922
115 348 1923
121 46 1924
262 149 1925
271 899 1926
276 259 1927
278 316 1928
283 304 1929
283 1075 1930
284 151 1931
301 373 1932
302 272 1933
304 360 1934
306 1199 1935
308 353 1936
318 174 1937
320 272 1938
320 401 1939
325 381 1940
351 395 1941
354 527 1942
358 44 1943
361 925 1944
363 44 1945
365 159 1946
371 293 1947
376 1656 1948
379 52 1949
379 861 1950
387 1149 1951
387 1884 1952
396 691 1953
455 310 1954
458 1667 1955
561 112 1956
562 112 1957
638 338 1958
638 596 1959
647 355 1960
701 714 1961
802 185 1962
835 1042 1963
836 496 1964
930 380 1965
986 108 1966
1078 1165 1967
1097 271 1968
1139 1110 1969
1271 741 1970
1397 677 1971
1457 710 1972
1484 1573 1973
1563 1740 1974
1672 469 1975
1775 303 1976
1801 158 1977
41 430 1978
50 368 1979
51 55 1980
51 56 1981
55 48 1982
67 111 1983
69 573 1984
70 633 1985
74 46 1986
80 46 1987
80 101 1988
97 406 1989
98 105 1990
98 313 1991
98 407 1992
99 269 1993
102 1026 1994
108 1172 1995
109 424 1996
109 574 1997
109 1613 1998
111 44 1999
114 394 2000
115 749 2001
115 1828 2002
156 545 2003
225 185 2004
266 295 2005
270 1005 2006
273 44 2007
273 409 2008
274 103 2009
274 288 2010
274 362 2011
275 483 2012
278 283 2013
281 44 2014
281 267 2015
283 482 2016
287 761 2017
289 714 2018
294 163 2019
304 541 2020
316 343 2021
320 265 2022
323 414 2023
325 268 2024
326 110 2025
327 52 2026
328 1275 2027
333 517 2028
340 1556 2029
342 395 2030
342 537 2031
342 739 2032
351 353 2033
355 103 2034
376 1037 2035
380 104 2036
382 650 2037
412 264 2038
413 149 2039
416 264 2040
416 272 2041
420 1759 2042
433 530 2043
479 863 2044
487 459 2045
579 579 2046
604 585 2047
625 533 2048
736 268 2049
764 778 2050
794 681 2051
798 462 2052
1049 858 2053
1078 1698 2054
1090 845 2055
1253 863 2056
1347 441 2057
1674 1996 2058
1675 1822 2059
1774 359 2060
1843 407 2061
1855 2012 2062
1906 1336 2063
1914 1920 2064
2016 1478 2065
51 57 2066
52 56 2067
53 54 2068
65 380 2069
66 101 2070
66 121 2071
68 46 2072
68 829 2073
71 101 2074
71 290 2075
72 101 2076
72 1299 2077
74 1392 2078
78 46 2079
80 1635 2080
83 829 2081
85 114 2082
98 355 2083
99 599 2084
101 102 2085
104 314 2086
107 330 2087
108 270 2088
112 405 2089
114 489 2090
115 330 2091
116 122 2092
119 1130 2093
119 1328 2094
262 161 2095
262 166 2096
268 303 2097
268 350 2098
270 100 2099
270 105 2100
273 343 2101
281 46 2102
282 46 2103
283 264 2104
283 462 2105
287 115 2106
288 44 2107
293 44 2108
299 1824 2109
305 362 2110
322 115 2111
328 774 2112
334 112 2113
337 944 2114
338 316 2115
338 1021 2116
340 331 2117
344 141 2118
355 414 2119
357 305 2120
375 281 2121
375 1488 2122
387 340 2123
393 450 2124
397 53 2125
401 264 2126
401 991 2127
424 100 2128
449 542 2129
459 102 2130
471 110 2131
486 333 2132
497 537 2133
531 1490 2134
584 363 2135
621 46 2136
630 164 2137
635 274 2138
645 44 2139
690 1641 2140
694 2062 2141
767 165 2142
779 1024 2143
879 335 2144
914 2092 2145
950 875 2146
1087 118 2147
1094 1199 2148
1173 1762 2149
1188 489 2150
1313 2145 2151
1375 183 2152
1534 504 2153
1579 1609 2154
1645 374 2155
1713 395 2156
1930 1859 2157
1962 359 2158
2003 1408 2159
2029 398 2160
2055 2159 2161
2073 2132 2162
2077 468 2163
2112 850 2164
2116 373 2165
2151 1877 2166
34 321 2167
40 49 2168
40 50 2169
54 48 2170
66 108 2171
68 670 2172
69 120 2173
76 330 2174
76 1001 2175
77 410 2176
77 1851 2177
81 117 2178
83 1880 2179
86 46 2180
89 1130 2181
101 573 2182
104 305 2183
105 459 2184
108 108 2185
108 314 2186
108 573 2187
109 115 2188
109 333 2189
109 622 2190
258 143 2191
262 184 2192
268 271 2193
268 373 2194
270 1322 2195
283 1928 2196
284 184 2197
287 110 2198
287 848 2199
292 1077 2200
295 312 2201
300 746 2202
316 264 2203
317 1766 2204
318 163 2205
318 184 2206
320 266 2207
320 312 2208
325 295 2209
327 54 2210
327 602 2211
327 708 2212
328 266 2213
331 279 2214
337 637 2215
340 391 2216
352 314 2217
355 1530 2218
361 888 2219
371 1154 2220
372 2103 2221
378 1555 2222
379 665 2223
386 272 2224
410 2195 2225
415 800 2226
435 46 2227
448 304 2228
449 583 2229
464 393 2230
488 308 2231
489 363 2232
497 367 2233
500 377 2234
516 353 2235
518 421 2236
523 408 2237
548 101 2238
595 409 2239
611 1657 2240
631 101 2241
635 1333 2242
650 468 2243
663 689 2244
675 100 2245
727 278 2246
783 108 2247
846 1340 2248
923 1237 2249
995 44 2250
1037 611 2251
1093 1072 2252
1107 2226 2253
1112 276 2254
1116 1531 2255
1161 104 2256
1163 1510 2257
1259 46 2258
1268 2035 2259
1272 1229 2260
1332 1081 2261
1357 269 2262
1485 2256 2263
1546 821 2264
1561 58 2265
1592 373 2266
1724 269 2267
1778 46 2268
2006 117 2269
2133 1706 2270
2149 948 2271
2160 58 2272
2196 960 2273
2221 2227 2274
34 65 2275
40 674 2276
49 368 2277
52 55 2278
54 56 2279
65 46 2280
65 116 2281
66 46 2282
71 307 2283
74 614 2284
77 275 2285
79 110 2286
79 114 2287
97 59 2288
100 468 2289
102 286 2290
102 1607 2291
104 699 2292
105 355 2293
107 115 2294
107 1213 2295
109 1221 2296
110 288 2297
111 287 2298
112 557 2299
114 919 2300
117 98 2301
121 97 2302
121 110 2303
256 139 2304
258 171 2305
265 346 2306
265 906 2307
270 396 2308
272 268 2309
273 259 2310
273 374 2311
276 278 2312
277 297 2313
281 115 2314
294 173 2315
294 181 2316
301 264 2317
310 58 2318
318 1215 2319
319 348 2320
323 103 2321
323 782 2322
324 172 2323
330 46 2324
336 1789 2325
337 295 2326
338 283 2327
340 455 2328
341 101 2329
352 121 2330
361 704 2331
361 756 2332
361 1416 2333
361 1885 2334
372 438 2335
375 292 2336
378 1041 2337
389 492 2338
398 44 2339
400 810 2340
415 114 2341
416 2039 2342
420 315 2343
420 1257 2344
420 1370 2345
442 1369 2346
449 51 2347
459 1921 2348
479 99 2349
482 704 2350
488 377 2351
501 174 2352
505 181 2353
511 2032 2354
513 455 2355
516 759 2356
520 91 2357
521 440 2358
521 1748 2359
535 504 2360
545 593 2361
560 303 2362
560 359 2363
582 181 2364
599 112 2365
639 264 2366
760 272 2367
762 646 2368
793 1529 2369
798 1434 2370
857 1335 2371
1019 1102 2372
1090 351 2373
1116 723 2374
1126 2113 2375
1228 455 2376
1236 112 2377
1238 692 2378
1262 316 2379
1282 292 2380
1382 935 2381
1398 259 2382
1566 274 2383
1570 585 2384
1622 269 2385
1630 1682 2386
1678 330 2387
1803 627 2388
2172 574 2389
2174 1790 2390
2176 1373 2391
2220 2205 2392
2283 469 2393
34 77 2394
45 1348 2395
46 270 2396
51 49 2397
51 51 2398
57 397 2399
65 2242 2400
66 836 2401
67 403 2402
69 286 2403
71 1652 2404
77 414 2405
82 358 2406
85 83 2407
102 394 2408
104 647 2409
111 352 2410
111 394 2411
114 269 2412
114 275 2413
115 375 2414
115 1147 2415
117 44 2416
117 101 2417
119 492 2418
119 1699 2419
260 161 2420
265 295 2421
265 466 2422
265 596 2423
268 1007 2424
271 381 2425
275 363 2426
276 1942 2427
277 462 2428
283 343 2429
283 374 2430
283 475 2431
283 588 2432
287 281 2433
289 688 2434
292 104 2435
297 466 2436
297 519 2437
304 268 2438
310 46 2439
316 315 2440
317 384 2441
318 181 2442
323 314 2443
323 932 2444
323 1345 2445
327 51 2446
327 57 2447
329 285 2448
331 391 2449
331 455 2450
340 854 2451
351 933 2452
359 2095 2453
360 259 2454
370 571 2455
371 377 2456
375 715 2457
380 99 2458
392 163 2459
399 317 2460
403 286 2461
404 988 2462
414 963 2463
426 627 2464
440 271 2465
442 1323 2466
449 684 2467
450 462 2468
501 166 2469
501 168 2470
509 303 2471
556 307 2472
594 912 2473
629 110 2474
638 442 2475
639 266 2476
654 151 2477
664 1810 2478
667 317 2479
667 2000 2480
728 166 2481
733 378 2482
743 352 2483
754 1594 2484
872 378 2485
905 634 2486
917 970 2487
1077 292 2488
1197 724 2489
1260 450 2490
1261 277 2491
1378 2355 2492
1454 800 2493
1646 1180 2494
1648 2234 2495
1709 1298 2496
1756 1931 2497
1783 2409 2498
1804 1726 2499
1837 44 2500
1848 705 2501
1971 330 2502
1992 1009 2503
2078 110 2504
2154 363 2505
2295 110 2506
2386 1168 2507
2425 337 2508
34 71 2509
40 449 2510
40 1303 2511
48 55 2512
50 37 2513
53 51 2514
54 55 2515
66 411 2516
66 2036 2517
74 358 2518
75 286 2519
77 945 2520
80 1081 2521
82 942 2522
82 1254 2523
99 46 2524
99 629 2525
100 380 2526
100 382 2527
102 403 2528
104 471 2529
105 853 2530
107 44 2531
107 407 2532
109 117 2533
109 1176 2534
110 100 2535
110 314 2536
110 868 2537
112 1081 2538
112 1615 2539
114 633 2540
115 629 2541
118 574 2542
121 269 2543
149 580 2544
261 2118 2545
262 159 2546
264 320 2547
265 1593 2548
267 2300 2549
268 266 2550
269 929 2551
274 116 2552
274 463 2553
276 774 2554
277 2246 2555
277 2350 2556
280 485 2557
281 457 2558
283 767 2559
284 161 2560
284 651 2561
285 374 2562
295 374 2563
296 2138 2564
297 696 2565
300 346 2566
303 840 2567
304 346 2568
304 373 2569
308 692 2570
308 813 2571
313 101 2572
317 99 2573
317 292 2574
320 264 2575
325 297 2576
327 55 2577
327 684 2578
328 300 2579
328 1600 2580
338 965 2581
342 845 2582
348 274 2583
352 114 2584
360 1540 2585
362 46 2586
370 834 2587
370 912 2588
372 387 2589
376 353 2590
376 662 2591
378 292 2592
379 50 2593
387 367 2594
397 52 2595
415 115 2596
426 1094 2597
428 115 2598
484 379 2599
495 100 2600
501 171 2601
501 173 2602
505 156 2603
568 293 2604
587 161 2605
594 880 2606
604 1440 2607
613 463 2608
617 1899 2609
636 2222 2610
650 614 2611
654 164 2612
678 297 2613
737 274 2614
755 302 2615
760 264 2616
762 290 2617
832 441 2618
839 1901 2619
856 1926 2620
859 1074 2621
885 287 2622
903 46 2623
987 937 2624
1019 850 2625
1065 97 2626
1332 661 2627
1346 2315 2628
1390 1723 2629
1431 2569 2630
1453 1632 2631
1507 398 2632
1521 2544 2633
1528 422 2634
1533 2044 2635
1557 371 2636
1588 58 2637
1605 282 2638
1640 288 2639
1670 281 2640
1696 1934 2641
1788 644 2642
1977 360 2643
1991 288 2644
2037 1634 2645
2178 2637 2646
2255 901 2647
2342 264 2648
2379 2098 2649
2485 723 2650
2492 2381 2651
2522 2534 2652
2581 1932 2653
2633 1410 2654
41 59 2655
48 397 2656
53 467 2657
54 397 2658
59 91 2659
65 1086 2660
67 78 2661
67 983 2662
68 80 2663
68 105 2664
70 920 2665
71 2663 2666
73 73 2667
75 403 2668
76 105 2669
78 286 2670
78 314 2671
80 913 2672
83 474 2673
91 441 2674
97 407 2675
97 524 2676
98 288 2677
101 267 2678
104 334 2679
104 670 2680
105 474 2681
106 885 2682
108 1871 2683
109 290 2684
112 753 2685
116 116 2686
117 322 2687
117 459 2688
118 292 2689
118 330 2690
118 1296 2691
194 176 2692
257 133 2693
260 1637 2694
262 155 2695
265 924 2696
271 1522 2697
281 697 2698
283 360 2699
283 386 2700
286 97 2701
286 98 2702
292 2642 2703
293 324 2704
294 151 2705
294 154 2706
294 156 2707
297 260 2708
303 264 2709
303 421 2710
304 312 2711
304 1710 2712
304 2022 2713
312 1427 2714
316 295 2715
316 306 2716
320 285 2717
320 302 2718
325 276 2719
325 472 2720
327 50 2721
327 620 2722
331 892 2723
337 266 2724
337 747 2725
338 596 2726
341 115 2727
342 1544 2728
350 259 2729
352 937 2730
357 319 2731
358 112 2732
361 1500 2733
362 436 2734
370 880 2735
376 367 2736
376 2019 2737
378 492 2738
379 441 2739
400 637 2740
416 266 2741
439 910 2742
448 277 2743
453 453 2744
483 115 2745
488 892 2746
493 121 2747
501 170 2748
511 508 2749
516 1664 2750
561 415 2751
569 46 2752
576 175 2753
577 786 2754
586 744 2755
600 110 2756
617 109 2757
655 366 2758
662 377 2759
757 264 2760
784 2117 2761
794 1062 2762
796 44 2763
798 312 2764
802 174 2765
907 545 2766
929 115 2767
960 2096 2768
978 115 2769
1065 1543 2770
1070 314 2771
1106 1340 2772
1107 1401 2773
1143 278 2774
1173 1098 2775
1202 184 2776
1270 579 2777
1301 56 2778
1331 396 2779
1363 2215 2780
1393 332 2781
1486 101 2782
1550 2714 2783
1602 2768 2784
1715 756 2785
1730 106 2786
1742 581 2787
1761 457 2788
1808 559 2789
1816 1091 2790
1823 1168 2791
1849 44 2792
1957 932 2793
2024 328 2794
2081 104 2795
2217 410 2796
2247 1599 2797
2269 290 2798
2465 858 2799
2494 421 2800
2559 159 2801
2634 269 2802
2672 633 2803
2703 363 2804
2784 272 2805
34 44 2806
34 91 2807
40 52 2808
40 97 2809
48 53 2810
52 37 2811
53 55 2812
55 57 2813
56 700 2814
57 51 2815
65 100 2816
65 115 2817
66 804 2818
67 286 2819
68 801 2820
72 46 2821
74 2474 2822
76 1499 2823
78 287 2824
78 1224 2825
79 557 2826
82 292 2827
83 481 2828
83 1964 2829
87 492 2830
97 495 2831
98 495 2832
99 1223 2833
99 1230 2834
102 629 2835
104 307 2836
112 290 2837
112 1757 2838
118 394 2839
119 119 2840
119 468 2841
119 1752 2842
177 418 2843
258 162 2844
262 185 2845
264 265 2846
267 2128 2847
269 1763 2848
270 479 2849
270 2348 2850
271 312 2851
271 373 2852
271 418 2853
276 301 2854
277 304 2855
280 573 2856
281 101 2857
283 301 2858
283 693 2859
283 745 2860
285 2436 2861
286 326 2862
287 103 2863
294 167 2864
296 2322 2865
297 482 2866
297 2845 2867
299 1249 2868
300 268 2869
306 350 2870
308 689 2871
312 1466 2872
315 1169 2873
316 328 2874
318 651 2875
320 343 2876
327 674 2877
328 301 2878
331 310 2879
332 363 2880
335 478 2881
335 2615 2882
337 2695 2883
338 1798 2884
340 1469 2885
341 116 2886
346 166 2887
348 121 2888
358 269 2889
359 264 2890
361 264 2891
370 674 2892
370 1159 2893
371 532 2894
372 822 2895
381 637 2896
382 2009 2897
384 485 2898
386 906 2899
387 690 2900
392 181 2901
398 339 2902
398 340 2903
404 112 2904
417 2011 2905
422 423 2906
433 808 2907
433 1874 2908
438 1060 2909
447 295 2910
459 1231 2911
462 302 2912
466 272 2913
474 98 2914
488 353 2915
497 845 2916
511 2909 2917
515 407 2918
515 1085 2919
522 751 2920
523 310 2921
523 778 2922
534 270 2923
563 46 2924
564 93 2925
572 513 2926
584 326 2927
607 97 2928
618 297 2929
640 1137 2930
652 2202 2931
663 342 2932
706 1483 2933
718 874 2934
732 2691 2935
741 363 2936
751 373 2937
782 288 2938
794 998 2939
826 875 2940
872 103 2941
905 394 2942
907 935 2943
951 274 2944
951 1032 2945
979 163 2946
1004 281 2947
1036 273 2948
1067 58 2949
1087 390 2950
1123 44 2951
1170 412 2952
1212 330 2953
1289 2309 2954
1378 500 2955
1468 282 2956
1492 267 2957
1550 301 2958
1693 1288 2959
1794 259 2960
1805 315 2961
1868 259 2962
1889 849 2963
2030 748 2964
2031 46 2965
2070 1344 2966
2075 1032 2967
2101 1197 2968
2140 537 2969
2177 2831 2970
2241 548 2971
2307 2948 2972
2331 2846 2973
2401 314 2974
2407 36 2975
2523 98 2976
2731 313 2977
2755 332 2978
2786 286 2979
2797 2681 2980
2861 360 2981
2916 952 2982
2917 854 2983
40 51 2984
45 571 2985
50 349 2986
53 52 2987
53 57 2988
54 51 2989
55 37 2990
67 380 2991
68 292 2992
68 314 2993
69 46 2994
70 1317 2995
73 85 2996
76 46 2997
80 1757 2998
82 111 2999
83 286 3000
86 105 3001
87 1339 3002
98 404 3003
98 424 3004
98 2017 3005
100 290 3006
102 402 3007
103 1029 3008
107 109 3009
108 414 3010
109 288 3011
110 1898 3012
112 2458 3013
114 290 3014
114 403 3015
114 411 3016
115 113 3017
115 286 3018
115 2622 3019
116 323 3020
116 330 3021
117 446 3022
118 1758 3023
121 45 3024
256 131 3025
260 135 3026
266 1560 3027
270 288 3028
273 46 3029
273 359 3030
276 596 3031
277 1751 3032
283 266 3033
283 272 3034
283 696 3035
287 457 3036
288 1032 3037
289 115 3038
291 45 3039
294 150 3040
295 2126 3041
296 486 3042
297 724 3043
303 450 3044
306 329 3045
315 300 3046
315 745 3047
316 285 3048
316 303 3049
317 103 3050
318 159 3051
318 176 3052
323 102 3053
325 1291 3054
327 773 3055
328 264 3056
328 343 3057
328 587 3058
331 293 3059
331 2356 3060
342 1513 3061
342 1744 3062
346 164 3063
352 101 3064
352 647 3065
358 97 3066
369 44 3067
371 738 3068
372 308 3069
376 395 3070
376 516 3071
376 582 3072
387 339 3073
388 322 3074
397 49 3075
399 292 3076
402 114 3077
403 289 3078
404 1489 3079
406 112 3080
409 462 3081
413 184 3082
420 2372 3083
422 459 3084
423 121 3085
426 746 3086
431 103 3087
431 105 3088
433 277 3089
460 115 3090
481 281 3091
485 384 3092
488 391 3093
490 1244 3094
492 2919 3095
505 136 3096
509 1500 3097
522 2448 3098
522 2872 3099
526 121 3100
531 1344 3101
536 184 3102
537 342 3103
548 486 3104
564 46 3105
565 1355 3106
569 45 3107
574 332 3108
582 170 3109
599 685 3110
610 295 3111
617 1316 3112
640 1483 3113
640 2814 3114
663 1553 3115
675 1763 3116
711 821 3117
721 1689 3118
721 2457 3119
724 259 3120
752 297 3121
763 1131 3122
783 2028 3123
790 283 3124
802 173 3125
826 573 3126
832 51 3127
839 2476 3128
843 579 3129
859 943 3130
867 277 3131
877 48 3132
898 2937 3133
936 315 3134
977 955 3135
1019 315 3136
1034 276 3137
1102 266 3138
1128 300 3139
1128 2266 3140
1220 268 3141
1267 176 3142
1273 93 3143
1381 704 3144
1517 46 3145
1570 472 3146
1598 478 3147
1611 269 3148
1745 557 3149
1772 1866 3150
1818 570 3151
1842 533 3152
1944 1902 3153
1953 2199 3154
1963 121 3155
1965 904 3156
1985 274 3157
1988 1510 3158
2104 475 3159
2168 1451 3160
2200 489 3161
2249 281 3162
2343 1861 3163
2432 271 3164
2614 330 3165
2628 282 3166
2660 341 3167
2679 485 3168
2799 558 3169
2823 275 3170
2918 457 3171
2941 2341 3172
2952 527 3173
3009 50 3174
3035 3027 3175
3097 312 3176
40 2043 3177
41 34 3178
49 542 3179
49 623 3180
53 37 3181
54 57 3182
55 54 3183
57 52 3184
66 74 3185
66 313 3186
66 691 3187
67 108 3188
75 474 3189
75 1032 3190
75 2540 3191
77 101 3192
77 281 3193
78 414 3194
78 1898 3195
80 281 3196
80 661 3197
82 471 3198
83 274 3199
83 375 3200
83 1164 3201
84 380 3202
86 281 3203
86 394 3204
91 619 3205
91 669 3206
97 296 3207
97 529 3208
98 1297 3209
98 3100 3210
99 375 3211
101 314 3212
105 269 3213
105 363 3214
106 111 3215
107 286 3216
108 468 3217
110 330 3218
111 875 3219
114 715 3220
114 2121 3221
115 109 3222
117 281 3223
117 947 3224
119 332 3225
122 101 3226
167 539 3227
168 1217 3228
265 276 3229
269 296 3230
269 314 3231
270 116 3232
271 592 3233
271 1564 3234
272 44 3235
276 392 3236
277 1324 3237
284 165 3238
289 322 3239
289 406 3240
290 288 3241
294 161 3242
295 1461 3243
295 2192 3244
298 102 3245
298 1688 3246
299 2635 3247
301 3125 3248
303 632 3249
306 450 3250
306 581 3251
308 339 3252
308 488 3253
308 1269 3254
309 315 3255
314 396 3256
315 400 3257
315 472 3258
315 596 3259
316 259 3260
318 154 3261
318 179 3262
320 1501 3263
321 379 3264
323 99 3265
325 361 3266
325 610 3267
325 1464 3268
327 912 3269
328 696 3270
331 711 3271
333 281 3272
336 112 3273
339 279 3274
342 2750 3275
343 295 3276
347 1148 3277
350 1289 3278
351 294 3279
355 982 3280
357 1543 3281
358 341 3282
361 2353 3283
361 3248 3284
370 57 3285
370 773 3286
371 545 3287
371 854 3288
378 103 3289
380 44 3290
387 516 3291
397 51 3292
414 417 3293
420 1436 3294
420 1548 3295
426 518 3296
431 504 3297
433 46 3298
441 45 3299
448 2148 3300
449 834 3301
459 1723 3302
464 297 3303
469 112 3304
474 101 3305
478 1465 3306
490 810 3307
501 169 3308
509 1290 3309
511 523 3310
554 46 3311
559 44 3312
572 2328 3313
574 1241 3314
582 163 3315
582 178 3316
586 2833 3317
591 46 3318
591 959 3319
601 558 3320
614 288 3321
618 3295 3322
628 264 3323
639 300 3324
640 1576 3325
640 1578 3326
652 264 3327
653 377 3328
655 44 3329
676 380 3330
678 268 3331
685 116 3332
696 1537 3333
706 1482 3334
721 1110 3335
733 422 3336
784 1947 3337
830 315 3338
848 46 3339
849 657 3340
876 2912 3341
877 50 3342
882 666 3343
893 581 3344
893 1440 3345
914 100 3346
945 122 3347
964 780 3348
968 2558 3349
987 489 3350
1004 290 3351
1016 268 3352
1018 283 3353
1022 116 3354
1068 425 3355
1071 407 3356
1125 292 3357
1126 358 3358
1142 1927 3359
1176 1555 3360
1209 101 3361
1252 838 3362
1257 273 3363
1263 628 3364
1268 1502 3365
1337 341 3366
1341 1888 3367
1349 369 3368
1356 288 3369
1385 281 3370
1395 340 3371
1397 2688 3372
1462 350 3373
1516 121 3374
1521 3227 3375
1582 492 3376
1591 610 3377
1608 332 3378
1629 355 3379
1631 1881 3380
1644 337 3381
1655 820 3382
1673 108 3383
1679 270 3384
1683 274 3385
1684 41 3386
1703 1076 3387
1785 341 3388
1836 2387 3389
1845 1326 3390
1853 606 3391
1858 1088 3392
1887 348 3393
1948 935 3394
1950 1012 3395
1997 1847 3396
2004 135 3397
2025 1442 3398
2045 363 3399
2076 2015 3400
2080 1413 3401
2082 479 3402
2175 290 3403
2228 3333 3404
2312 618 3405
2396 46 3406
2428 312 3407
2460 1829 3408
2482 1413 3409
2487 329 3410
2610 517 3411
2620 632 3412
2632 512 3413
2668 1041 3414
2776 1743 3415
2860 301 3416
2868 101 3417
2964 398 3418
2991 1495 3419
3137 1372 3420
3139 2114 3421
3172 286 3422
3187 3366 3423
3190 97 3424
3201 330 3425
3228 265 3426
3309 312 3427
40 98 3428
40 2274 3429
45 100 3430
48 49 3431
50 542 3432
51 467 3433
52 543 3434
66 1396 3435
66 2225 3436
67 83 3437
67 3356 3438
68 468 3439
69 267 3440
71 46 3441
72 474 3442
73 100 3443
73 109 3444
76 101 3445
77 574 3446
83 955 3447
84 79 3448
84 274 3449
84 317 3450
84 382 3451
99 348 3452
102 493 3453
102 573 3454
103 3347 3455
104 646 3456
105 102 3457
105 105 3458
105 378 3459
105 423 3460
108 287 3461
109 468 3462
110 362 3463
111 423 3464
112 288 3465
112 394 3466
112 407 3467
112 614 3468
112 797 3469
114 1223 3470
115 333 3471
115 474 3472
115 787 3473
116 382 3474
118 446 3475
120 529 3476
121 121 3477
122 275 3478
177 303 3479
256 144 3480
258 165 3481
265 320 3482
265 482 3483
267 44 3484
267 1293 3485
269 121 3486
270 44 3487
270 102 3488
273 265 3489
273 400 3490
274 46 3491
278 285 3492
282 44 3493
283 259 3494
284 166 3495
286 1026 3496
288 319 3497
289 108 3498
291 93 3499
296 292 3500
296 352 3501
303 1148 3502
304 329 3503
304 1604 3504
308 1554 3505
309 2193 3506
315 360 3507
315 1275 3508
316 2765 3509
318 952 3510
321 34 3511
322 44 3512
323 769 3513
323 2538 3514
324 149 3515
325 412 3516
329 1548 3517
331 570 3518
333 122 3519
333 388 3520
337 301 3521
338 1369 3522
338 2254 3523
339 488 3524
340 1098 3525
340 2197 3526
342 331 3527
342 580 3528
344 178 3529
349 1138 3530
351 822 3531
352 307 3532
355 121 3533
355 670 3534
358 292 3535
359 259 3536
365 174 3537
370 52 3538
370 1158 3539
371 395 3540
372 845 3541
372 1365 3542
376 41 3543
379 563 3544
379 564 3545
379 717 3546
382 2857 3547
386 541 3548
387 1469 3549
388 117 3550
393 259 3551
399 111 3552
400 315 3553
400 1938 3554
401 277 3555
416 277 3556
422 761 3557
426 2643 3558
439 3557 3559
441 48 3560
446 290 3561
466 686 3562
479 1424 3563
493 2462 3564
501 172 3565
508 845 3566
510 270 3567
515 823 3568
521 581 3569
521 637 3570
522 1091 3571
526 115 3572
564 53 3573
568 308 3574
568 821 3575
594 780 3576
598 1220 3577
598 1298 3578
599 274 3579
601 272 3580
609 3208 3581
610 302 3582
611 279 3583
611 593 3584
627 268 3585
636 1141 3586
640 1482 3587
653 516 3588
654 163 3589
659 624 3590
663 1096 3591
664 268 3592
678 3096 3593
685 2349 3594
703 660 3595
705 281 3596
706 1137 3597
706 1779 3598
716 519 3599
725 272 3600
734 44 3601
762 1286 3602
780 554 3603
781 46 3604
784 759 3605
793 643 3606
795 3320 3607
802 172 3608
818 115 3609
830 320 3610
832 619 3611
839 1366 3612
856 1121 3613
857 2456 3614
864 317 3615
885 288 3616
902 181 3617
902 1215 3618
917 850 3619
949 741 3620
951 901 3621
973 421 3622
986 1362 3623
996 281 3624
1028 104 3625
1028 1428 3626
1066 117 3627
1097 1741 3628
1169 277 3629
1190 661 3630
1191 548 3631
1205 281 3632
1212 274 3633
1226 492 3634
1244 373 3635
1262 2105 3636
1266 803 3637
1308 44 3638
1361 747 3639
1370 277 3640
1375 151 3641
1406 440 3642
1435 416 3643
1448 44 3644
1453 104 3645
1463 724 3646
1476 342 3647
1492 330 3648
1585 267 3649
1647 642 3650
1655 116 3651
1677 298 3652
1702 1265 3653
1709 393 3654
1727 44 3655
1735 428 3656
1764 356 3657
1873 1602 3658
2021 277 3659
2141 281 3660
2147 362 3661
2150 1585 3662
2171 1297 3663
2245 2889 3664
2287 3455 3665
2306 3426 3666
2330 355 3667
2332 272 3668
2371 455 3669
2402 887 3670
2440 908 3671
2479 1014 3672
2489 1035 3673
2495 3653 3674
2497 570 3675
2517 496 3676
2564 332 3677
2597 2142 3678
2618 1452 3679
2645 288 3680
2669 1487 3681
2685 286 3682
2717 592 3683
2737 282 3684
2773 2434 3685
2809 41 3686
2819 3656 3687
2822 281 3688
2827 2927 3689
2844 2264 3690
2897 288 3691
2899 295 3692
2926 545 3693
2961 757 3694
2979 314 3695
2996 2661 3696
3010 2435 3697
3023 1101 3698
3115 331 3699
3148 489 3700
3185 80 3701
3257 1703 3702
3266 3276 3703
3324 46 3704
3428 41 3705
3440 110 3706
3509 329 3707
3520 887 3708
3525 2591 3709
3562 264 3710
3566 151 3711
3577 596 3712
3607 1165 3713
34 1524 3714
40 99 3715
45 461 3716
45 1846 3717
46 2863 3718
48 1577 3719
49 370 3720
49 543 3721
50 543 3722
52 397 3723
52 467 3724
53 53 3725
54 37 3726
56 55 3727
56 397 3728
57 55 3729
65 789 3730
66 66 3731
66 375 3732
67 2676 3733
68 341 3734
68 380 3735
68 615 3736
69 355 3737
71 286 3738
71 849 3739
71 1226 3740
71 1293 3741
71 1499 3742
72 307 3743
73 820 3744
75 3631 3745
76 1871 3746
77 73 3747
77 411 3748
77 1392 3749
77 2914 3750
78 341 3751
78 549 3752
80 1400 3753
80 1615 3754
82 97 3755
83 317 3756
83 804 3757
83 2301 3758
84 46 3759
84 101 3760
84 105 3761
84 468 3762
84 549 3763
87 46 3764
87 394 3765
87 1509 3766
87 1699 3767
87 2293 3768
91 641 3769
91 3143 3770
97 423 3771
97 635 3772
98 115 3773
98 307 3774
98 2225 3775
99 305 3776
99 566 3777
99 1222 3778
101 635 3779
104 111 3780
104 590 3781
105 122 3782
105 688 3783
107 97 3784
109 121 3785
109 348 3786
109 517 3787
109 3077 3788
112 341 3789
114 358 3790
115 305 3791
115 334 3792
115 2377 3793
116 275 3794
116 334 3795
116 590 3796
116 1293 3797
118 269 3798
118 332 3799
119 275 3800
119 691 3801
121 590 3802
151 271 3803
174 373 3804
182 377 3805
185 1664 3806
260 173 3807
262 150 3808
265 421 3809
265 1604 3810
266 1821 3811
269 820 3812
269 1299 3813
270 910 3814
271 558 3815
271 924 3816
273 295 3817
273 373 3818
276 303 3819
276 345 3820
276 1294 3821
277 343 3822
277 1434 3823
278 416 3824
278 509 3825
278 585 3826
283 271 3827
283 350 3828
283 2566 3829
283 2760 3830
285 412 3831
286 514 3832
287 624 3833
288 117 3834
294 185 3835
295 421 3836
296 118 3837
297 301 3838
300 265 3839
301 300 3840
302 1217 3841
303 276 3842
304 259 3843
305 504 3844
306 301 3845
309 300 3846
309 3811 3847
312 746 3848
314 1458 3849
318 166 3850
320 277 3851
320 306 3852
320 527 3853
322 517 3854
323 1210 3855
323 1587 3856
324 170 3857
325 522 3858
326 286 3859
326 1612 3860
327 53 3861
327 975 3862
328 810 3863
331 3684 3864
332 115 3865
335 268 3866
335 621 3867
336 2289 3868
338 315 3869
338 618 3870
340 1601 3871
341 44 3872
341 107 3873
342 391 3874
346 167 3875
347 1118 3876
349 46 3877
350 899 3878
351 771 3879
354 266 3880
354 767 3881
355 547 3882
357 646 3883
359 44 3884
359 1503 3885
371 308 3886
372 395 3887
372 711 3888
372 1900 3889
372 2704 3890
372 2864 3891
375 524 3892
376 293 3893
376 1096 3894
378 101 3895
379 805 3896
379 860 3897
380 103 3898
381 297 3899
384 121 3900
387 398 3901
389 406 3902
397 55 3903
398 1496 3904
401 301 3905
407 116 3906
408 391 3907
411 2010 3908
420 2568 3909
422 783 3910
428 292 3911
431 457 3912
433 3820 3913
435 294 3914
442 273 3915
446 108 3916
448 309 3917
449 708 3918
470 116 3919
470 326 3920
470 428 3921
475 359 3922
478 621 3923
490 925 3924
493 396 3925
497 2361 3926
509 266 3927
511 2137 3928
512 308 3929
512 2560 3930
516 559 3931
519 393 3932
521 632 3933
522 3841 3934
525 550 3935
525 2459 3936
529 932 3937
531 330 3938
536 167 3939
554 1159 3940
556 1736 3941
562 99 3942
572 1552 3943
576 151 3944
582 164 3945
584 2738 3946
586 3661 3947
587 159 3948
592 44 3949
596 2310 3950
598 1874 3951
612 56 3952
614 115 3953
623 93 3954
625 275 3955
627 302 3956
636 428 3957
640 1628 3958
647 352 3959
653 690 3960
662 1469 3961
685 2542 3962
706 1666 3963
717 3603 3964
725 268 3965
737 46 3966
763 3407 3967
769 288 3968
774 268 3969
787 48 3970
787 52 3971
793 526 3972
806 2015 3973
807 46 3974
807 943 3975
826 459 3976
833 44 3977
834 3964 3978
835 1316 3979
839 1263 3980
853 362 3981
856 3878 3982
859 959 3983
859 1089 3984
879 272 3985
917 3492 3986
939 329 3987
946 285 3988
972 2682 3989
973 400 3990
979 149 3991
991 763 3992
1004 332 3993
1016 3932 3994
1022 267 3995
1033 3165 3996
1065 590 3997
1128 1707 3998
1139 323 3999
1201 301 4000
1228 3879 4001
1234 2153 4002
1238 3150 4003
1243 56 4004
1259 368 4005
1260 2008 4006
1282 994 4007
1288 337 4008
1291 3255 4009
1314 288 4010
1314 881 4011
1318 268 4012
1323 320 4013
1349 335 4014
1351 624 4015
1381 637 4016
1400 483 4017
1406 810 4018
1463 1935 4019
1489 348 4020
1507 387 4021
1516 741 4022
1538 46 4023
1553 310 4024
1557 4024 4025
1590 2411 4026
1632 287 4027
1677 270 4028
1694 351 4029
1695 3621 4030
1697 3495 4031
1701 259 4032
1701 264 4033
1701 272 4034
1769 3961 4035
1776 470 4036
1805 354 4037
1812 778 4038
1890 418 4039
1939 865 4040
1956 307 4041
1965 428 4042
1968 3554 4043
1997 45 4044
2008 3141 4045
2148 373 4046
2152 559 4047
2156 539 4048
2169 2535 4049
2181 58 4050
2191 3109 4051
2276 3940 4052
2291 2592 4053
2351 516 4054
2366 46 4055
2378 391 4056
2408 2953 4057
2415 2530 4058
2420 452 4059
2464 301 4060
2483 269 4061
2491 421 4062
2516 3697 4063
2529 2792 4064
2554 2097 4065
2562 3992 4066
2603 3494 4067
2605 329 4068
2612 752 4069
2613 386 4070
2720 3852 4071
2778 56 4072
2790 601 4073
2801 272 4074
2837 1860 4075
2850 698 4076
2865 363 4077
2911 288 4078
2939 46 4079
2971 881 4080
3004 267 4081
3047 3640 4082
3110 3476 4083
3122 259 4084
3124 585 4085
3194 117 4086
3222 726 4087
3234 4068 4088
3251 266 4089
3265 2756 4090
3293 1394 4091
3296 272 4092
3310 279 4093
3313 1383 4094
3314 4011 4095
3353 425 4096
3360 281 4097
3446 1847 4098
3451 1255 4099
3482 2954 4100
3516 1746 4101
3531 4054 4102
3541 3806 4103
3584 293 4104
3676 2299 4105
3681 517 4106
3692 268 4107
3694 259 4108
3706 949 4109
3733 737 4110
3734 3854 4111
3736 4017 4112
3743 2146 4113
3762 3461 4114
3795 326 4115
3818 1925 4116
3830 416 4117
3831 3905 4118
3881 3804 4119
3909 173 4120
3910 286 4121
3928 1060 4122
3951 980 4123
3980 637 4124
34 648 4125
40 1047 4126
50 397 4127
50 602 4128
51 52 4129
52 1233 4130
54 53 4131
55 543 4132
56 37 4133
66 114 4134
66 3219 4135
67 599 4136
67 2303 4137
68 305 4138
68 431 4139
68 804 4140
68 971 4141
68 1504 4142
69 2349 4143
70 3972 4144
71 1596 4145
71 1612 4146
71 2369 4147
72 471 4148
73 65 4149
75 104 4150
76 415 4151
76 1354 4152
77 288 4153
77 1439 4154
78 68 4155
78 615 4156
78 1498 4157
80 317 4158
83 65 4159
83 275 4160
83 314 4161
83 334 4162
83 469 4163
83 529 4164
84 495 4165
85 78 4166
85 112 4167
85 2686 4168
86 274 4169
87 104 4170
87 286 4171
91 56 4172
97 384 4173
97 403 4174
97 1015 4175
97 1651 4176
98 323 4177
98 394 4178
98 2023 4179
99 573 4180
100 288 4181
100 2551 4182
101 428 4183
101 968 4184
102 292 4185
102 3892 4186
103 274 4187
103 424 4188
104 2600 4189
106 789 4190
107 104 4191
107 292 4192
107 348 4193
109 281 4194
109 3078 4195
109 4178 4196
110 115 4197
110 274 4198
112 314 4199
114 100 4200
114 270 4201
115 99 4202
115 270 4203
115 868 4204
115 923 4205
115 3700 4206
116 292 4207
117 305 4208
118 111 4209
118 270 4210
118 573 4211
118 1167 4212
119 97 4213
119 269 4214
175 259 4215
184 1497 4216
256 2843 4217
258 152 4218
258 1214 4219
264 304 4220
265 285 4221
267 750 4222
267 1286 4223
268 434 4224
268 530 4225
269 904 4226
270 688 4227
271 276 4228
271 400 4229
271 3025 4230
271 3845 4231
273 350 4232
273 592 4233
275 644 4234
276 295 4235
276 320 4236
276 374 4237
277 271 4238
277 401 4239
281 121 4240
283 260 4241
283 638 4242
286 1084 4243
287 1490 4244
288 1195 4245
289 269 4246
289 1690 4247
294 170 4248
295 541 4249
295 1856 4250
296 606 4251
297 1017 4252
297 1217 4253
297 2468 4254
299 396 4255
300 271 4256
301 393 4257
303 400 4258
303 601 4259
303 1619 4260
305 44 4261
305 330 4262
306 272 4263
306 320 4264
309 1642 4265
313 469 4266
314 115 4267
315 842 4268
316 312 4269
316 840 4270
318 156 4271
318 167 4272
320 831 4273
323 1678 4274
325 320 4275
325 1113 4276
325 1467 4277
326 1652 4278
328 440 4279
329 268 4280
331 367 4281
331 539 4282
331 3103 4283
337 374 4284
338 842 4285
339 570 4286
341 275 4287
342 759 4288
348 115 4289
348 517 4290
351 455 4291
352 677 4292
352 800 4293
353 713 4294
355 715 4295
357 286 4296
361 401 4297
361 3619 4298
361 3654 4299
370 56 4300
370 602 4301
372 279 4302
376 690 4303
378 44 4304
378 100 4305
379 707 4306
379 807 4307
379 969 4308
380 289 4309
382 1573 4310
386 264 4311
387 580 4312
395 308 4313
398 59 4314
398 342 4315
401 400 4316
408 713 4317
409 272 4318
410 104 4319
410 330 4320
413 159 4321
414 44 4322
414 1567 4323
422 120 4324
422 3226 4325
423 1680 4326
426 1747 4327
429 1611 4328
432 366 4329
433 704 4330
438 537 4331
440 285 4332
441 93 4333
442 277 4334
443 116 4335
448 273 4336
448 2887 4337
448 2946 4338
449 49 4339
449 54 4340
457 44 4341
459 98 4342
471 330 4343
478 734 4344
485 968 4345
488 1151 4346
493 322 4347
494 102 4348
496 4192 4349
508 1697 4350
509 2013 4351
511 1941 4352
511 2371 4353
511 2706 4354
515 363 4355
515 3464 4356
519 272 4357
523 570 4358
548 104 4359
550 266 4360
554 93 4361
556 394 4362
561 358 4363
561 932 4364
564 56 4365
568 516 4366
568 539 4367
582 159 4368
591 1089 4369
598 652 4370
604 271 4371
607 313 4372
613 332 4373
615 341 4374
617 46 4375
617 1086 4376
619 46 4377
619 93 4378
630 178 4379
631 2023 4380
636 3239 4381
640 1666 4382
641 93 4383
643 819 4384
652 1217 4385
654 4216 4386
657 116 4387
706 54 4388
706 1578 4389
706 1628 4390
712 272 4391
713 351 4392
721 323 4393
734 46 4394
736 259 4395
744 446 4396
757 1336 4397
762 314 4398
763 277 4399
769 362 4400
781 44 4401
794 4257 4402
805 93 4403
822 512 4404
863 115 4405
877 1158 4406
882 312 4407
891 459 4408
897 44 4409
902 167 4410
919 116 4411
940 1834 4412
956 46 4413
996 115 4414
999 392 4415
1034 719 4416
1038 97 4417
1047 779 4418
1060 2570 4419
1088 300 4420
1111 44 4421
1113 297 4422
1119 350 4423
1136 620 4424
1138 1668 4425
1158 1024 4426
1166 770 4427
1166 4422 4428
1215 377 4429
1220 264 4430
1232 55 4431
1237 2297 4432
1241 323 4433
1256 52 4434
1301 57 4435
1314 423 4436
1324 297 4437
1327 1935 4438
1327 3713 4439
1331 2573 4440
1345 116 4441
1354 97 4442
1357 710 4443
1363 1099 4444
1388 98 4445
1388 3391 4446
1395 1896 4447
1460 114 4448
1491 119 4449
1491 314 4450
1595 264 4451
1614 415 4452
1653 366 4453
1669 697 4454
1670 1541 4455
1687 517 4456
1693 278 4457
1706 1937 4458
1786 414 4459
1802 391 4460
1842 1103 4461
1844 3906 4462
1850 479 4463
1857 527 4464
1890 259 4465
1904 4425 4466
1933 465 4467
1953 605 4468
1958 366 4469
1963 504 4470
2009 121 4471
2033 1468 4472
2049 581 4473
2082 1488 4474
2100 289 4475
2119 330 4476
2124 1865 4477
2158 581 4478
2175 1863 4479
2179 46 4480
2186 838 4481
2190 115 4482
2208 770 4483
2208 3991 4484
2281 108 4485
2296 2947 4486
2298 44 4487
2321 1115 4488
2400 463 4489
2429 432 4490
2430 1372 4491
2464 858 4492
2471 1290 4493
2483 945 4494
2526 119 4495
2533 326 4496
2680 330 4497
2708 152 4498
2712 418 4499
2719 592 4500
2746 2885 4501
2762 46 4502
2798 1424 4503
2824 267 4504
2838 121 4505
2874 763 4506
2876 621 4507
2891 2007 4508
2908 2913 4509
2993 874 4510
3008 3406 4511
3043 312 4512
3118 292 4513
3170 58 4514
3191 1735 4515
3198 978 4516
3200 3085 4517
3202 459 4518
3204 3305 4519
3212 290 4520
3267 4467 4521
3328 3051 4522
3338 1298 4523
3365 2318 4524
3442 269 4525
3443 1241 4526
3466 108 4527
3550 1222 4528
3588 711 4529
3600 273 4530
3626 115 4531
3647 1603 4532
3652 2293 4533
3690 398 4534
3730 1110 4535
3731 67 4536
3741 107 4537
3751 1254 4538
3792 1379 4539
3808 277 4540
3829 159 4541
3834 355 4542
3888 2903 4543
3914 4429 4544
3941 4246 4545
3979 3973 4546
3982 303 4547
4028 3452 4548
4058 1006 4549
4075 2461 4550
4083 2232 4551
4089 4386 4552
4095 2507 4553
4105 380 4554
4137 4222 4555
4146 428 4556
4168 286 4557
4205 112 4558
4236 747 4559
4276 359 4560
4299 2567 4561
4337 329 4562
4350 1265 4563
4351 392 4564
4370 295 4565
4552 272 4566
34 862 4567
34 1108 4568
40 623 4569
40 1721 4570
47 3775 4571
48 54 4572
49 37 4573
49 291 4574
49 583 4575
49 602 4576
50 291 4577
50 461 4578
50 571 4579
51 37 4580
52 57 4581
52 623 4582
54 543 4583
56 54 4584
57 56 4585
65 104 4586
66 2702 4587
67 629 4588
67 1020 4589
67 3378 4590
68 275 4591
68 281 4592
68 319 4593
68 375 4594
68 557 4595
69 1086 4596
69 3995 4597
70 1711 4598
70 2412 4599
71 108 4600
71 407 4601
72 955 4602
76 65 4603
77 1029 4604
78 65 4605
78 111 4606
79 544 4607
80 323 4608
80 375 4609
82 105 4610
82 388 4611
82 495 4612
82 600 4613
83 117 4614
83 411 4615
83 1319 4616
84 691 4617
84 3225 4618
87 105 4619
91 51 4620
91 349 4621
97 101 4622
97 514 4623
99 286 4624
99 557 4625
99 874 4626
99 1752 4627
100 1504 4628
100 2131 4629
101 107 4630
101 122 4631
101 363 4632
101 1210 4633
102 424 4634
102 633 4635
102 3037 4636
102 3547 4637
102 4097 4638
103 103 4639
103 117 4640
103 1127 4641
103 1317 4642
103 2369 4643
104 281 4644
104 287 4645
104 2686 4646
105 710 4647
108 115 4648
108 415 4649
108 590 4650
108 688 4651
109 44 4652
110 286 4653
110 319 4654
110 584 4655
110 2135 4656
112 399 4657
112 566 4658
112 741 4659
112 1711 4660
114 313 4661
114 431 4662
114 937 4663
114 1612 4664
115 388 4665
115 394 4666
115 1144 4667
116 270 4668
116 492 4669
116 548 4670
116 715 4671
117 107 4672
117 292 4673
117 1413 4674
118 97 4675
118 286 4676
118 492 4677
118 750 4678
118 2886 4679
119 46 4680
119 1509 4681
149 4012 4682
182 277 4683
258 144 4684
265 693 4685
265 1364 4686
265 2710 4687
266 268 4688
267 46 4689
267 714 4690
268 45 4691
268 285 4692
268 1372 4693
269 99 4694
269 330 4695
269 399 4696
270 107 4697
270 782 4698
271 271 4699
271 416 4700
273 581 4701
273 627 4702
273 1710 4703
275 2320 4704
276 44 4705
276 527 4706
276 1592 4707
278 337 4708
278 618 4709
278 1099 4710
281 378 4711
281 1015 4712
281 1362 4713
283 400 4714
283 550 4715
283 736 4716
283 1290 4717
285 409 4718
287 644 4719
289 44 4720
290 101 4721
290 904 4722
290 929 4723
290 2906 4724
294 179 4725
295 44 4726
295 530 4727
297 359 4728
297 666 4729
297 751 4730
300 440 4731
301 359 4732
302 266 4733
302 803 4734
304 393 4735
304 601 4736
309 268 4737
309 301 4738
309 312 4739
315 442 4740
315 3840 4741
316 416 4742
316 530 4743
316 936 4744
316 2454 4745
316 2468 4746
317 44 4747
317 326 4748
318 183 4749
320 992 4750
323 119 4751
323 2781 4752
323 3497 4753
324 167 4754
325 328 4755
325 627 4756
325 786 4757
325 1938 4758
326 44 4759
326 101 4760
326 288 4761
326 411 4762
326 1509 4763
327 48 4764
328 262 4765
328 271 4766
328 285 4767
328 637 4768
328 906 4769
329 359 4770
331 690 4771
333 97 4772
337 268 4773
337 519 4774
338 306 4775
338 359 4776
338 755 4777
338 970 4778
339 512 4779
340 339 4780
340 377 4781
340 387 4782
340 4031 4783
342 340 4784
342 568 4785
346 183 4786
347 840 4787
347 1414 4788
350 581 4789
351 570 4790
353 854 4791
353 2216 4792
359 2317 4793
361 359 4794
361 1707 4795
361 2326 4796
365 170 4797
365 184 4798
367 1496 4799
369 368 4800
370 49 4801
370 51 4802
370 779 4803
372 537 4804
372 2451 4805
372 4029 4806
373 756 4807
375 288 4808
379 53 4809
379 54 4810
379 57 4811
379 569 4812
379 911 4813
382 112 4814
384 886 4815
387 1227 4816
387 1542 4817
387 2759 4818
391 331 4819
397 54 4820
397 349 4821
397 2274 4822
398 351 4823
398 3315 4824
399 614 4825
399 1999 4826
400 265 4827
400 472 4828
406 4674 4829
407 378 4830
408 513 4831
408 740 4832
408 2561 4833
419 93 4834
422 109 4835
426 1119 4836
426 3847 4837
431 3498 4838
435 4783 4839
446 97 4840
448 745 4841
448 2114 4842
449 52 4843
449 975 4844
450 581 4845
450 2694 4846
462 4238 4847
479 101 4848
484 44 4849
485 101 4850
485 120 4851
486 726 4852
488 822 4853
495 112 4854
495 485 4855
515 270 4856
521 597 4857
522 360 4858
522 1021 4859
528 363 4860
535 761 4861
539 44 4862
543 55 4863
548 97 4864
550 373 4865
556 411 4866
562 4641 4867
563 1135 4868
569 93 4869
572 438 4870
572 740 4871
573 317 4872
576 166 4873
576 1637 4874
576 4682 4875
577 278 4876
577 3244 4877
577 4798 4878
585 277 4879
587 165 4880
591 807 4881
591 1074 4882
594 49 4883
594 871 4884
599 275 4885
600 358 4886
603 269 4887
604 597 4888
610 2566 4889
612 55 4890
613 115 4891
617 112 4892
617 1042 4893
623 467 4894
630 159 4895
640 51 4896
650 489 4897
650 1989 4898
652 386 4899
656 3848 4900
670 105 4901
670 270 4902
670 629 4903
674 55 4904
675 1597 4905
676 274 4906
676 382 4907
676 3908 4908
677 1680 4909
692 293 4910
703 2305 4911
703 3889 4912
706 1576 4913
714 267 4914
717 93 4915
718 590 4916
719 2718 4917
725 266 4918
733 270 4919
736 2753 4920
737 3349 4921
738 293 4922
745 4807 4923
746 309 4924
752 1143 4925
754 272 4926
754 2959 4927
758 264 4928
764 1343 4929
764 2240 4930
766 1297 4931
769 274 4932
784 3117 4933
802 1459 4934
803 297 4935
803 1642 4936
806 4885 4937
807 579 4938
811 272 4939
818 44 4940
832 419 4941
832 861 4942
852 317 4943
852 1191 4944
856 272 4945
857 2323 4946
858 373 4947
859 3129 4948
859 3975 4949
877 53 4950
879 432 4951
883 592 4952
885 4226 4953
892 1151 4954
902 166 4955
902 182 4956
911 3719 4957
917 440 4958
938 430 4959
951 904 4960
957 44 4961
958 776 4962
960 601 4963
977 4176 4964
986 269 4965
1005 471 4966
1006 288 4967
1013 115 4968
1016 386 4969
1026 330 4970
1028 326 4971
1028 1175 4972
1034 746 4973
1034 2873 4974
1041 121 4975
1053 4868 4976
1060 391 4977
1072 115 4978
1088 4530 4979
1092 366 4980
1101 46 4981
1106 319 4982
1109 2091 4983
1116 2085 4984
1129 58 4985
1155 44 4986
1185 313 4987
1192 837 4988
1211 44 4989
1237 110 4990
1248 2382 4991
1270 2748 4992
1313 4542 4993
1323 416 4994
1331 317 4995
1331 4887 4996
1344 1147 4997
1373 489 4998
1382 545 4999
1388 836 5000
1389 46 5001
1390 102 5002
1396 286 5003
1412 303 5004
1431 2207 5005
1447 115 5006
1449 272 5007
1453 828 5008
1476 1765 5009
1485 99 5010
1493 1790 5011
1506 840 5012
1519 363 5013
1554 4368 5014
1566 838 5015
1568 44 5016
1591 3082 5017
1593 272 5018
1595 527 5019
1598 4059 5020
1614 474 5021
1622 1057 5022
1629 118 5023
1630 529 5024
1636 97 5025
1681 97 5026
1687 322 5027
1687 396 5028
1715 4318 5029
1733 46 5030
1745 3022 5031
1747 272 5032
1770 3783 5033
1771 363 5034
1799 308 5035
1817 3549 5036
1819 1503 5037
1840 2531 5038
1869 776 5039
1869 1224 5040
1876 425 5041
1878 115 5042
1878 281 5043
1918 104 5044
1919 492 5045
1925 374 5046
1956 4953 5047
1964 4829 5048
1972 2189 5049
1982 37 5050
1985 838 5051
1990 269 5052
2047 46 5053
2058 44 5054
2080 2598 5055
2101 1427 5056
2130 698 5057
2158 2203 5058
2163 313 5059
2189 446 5060
2209 1091 5061
2213 1798 5062
2223 870 5063
2233 372 5064
2243 274 5065
2304 2851 5066
2312 337 5067
2354 778 5068
2365 584 5069
2375 115 5070
2403 363 5071
2443 3241 5072
2463 281 5073
2479 1844 5074
2512 47 5075
2516 281 5076
2518 2533 5077
2519 269 5078
2519 2536 5079
2520 1636 5080
2521 2734 5081
2527 3156 5082
2532 2320 5083
2537 58 5084
2575 746 5085
2636 353 5086
2636 2604 5087
2662 2574 5088
2683 2747 5089
2715 4512 5090
2716 3826 5091
2732 504 5092
2754 329 5093
2803 2324 5094
2808 1451 5095
2829 44 5096
2840 4680 5097
2922 948 5098
2931 3536 5099
2940 288 5100
2942 698 5101
2958 409 5102
2998 1924 5103
3013 3911 5104
3016 624 5105
3024 2665 5106
3042 292 5107
3045 4096 5108
3061 892 5109
3062 4367 5110
3070 4805 5111
3127 3107 5112
3131 369 5113
3142 854 5114
3188 797 5115
3197 281 5116
3236 1637 5117
3268 4693 5118
3279 182 5119
3294 4718 5120
3307 2852 5121
3331 3159 5122
3343 301 5123
3369 2028 5124
3437 49 5125
3483 746 5126
3523 359 5127
3537 301 5128
3605 1900 5129
3617 4272 5130
3627 288 5131
3645 796 5132
3663 2094 5133
3679 4976 5134
3718 46 5135
3761 1040 5136
3765 4387 5137
3766 1813 5138
3801 1688 5139
3817 4847 5140
3832 423 5141
3859 3925 5142
3890 167 5143
3924 272 5144
3937 1006 5145
3942 2767 5146
3944 268 5147
3960 308 5148
3990 1721 5149
4036 2543 5150
4072 4957 5151
4109 2417 5152
4185 4247 5153
4245 362 5154
4285 519 5155
4323 288 5156
4352 310 5157
4388 700 5158
4420 2040 5159
4447 293 5160
4466 4431 5161
4529 408 5162
4538 286 5163
4560 2910 5164
4587 2701 5165
4598 2146 5166
4599 3776 5167
4604 1296 5168
4609 269 5169
4617 1590 5170
4618 5106 5171
4646 112 5172
4690 428 5173
4702 277 5174
4707 3842 5175
4717 1944 5176
4729 268 5177
4744 1275 5178
4771 3540 5179
4774 2437 5180
4777 3629 5181
4778 302 5182
4779 1601 5183
4782 3262 5184
4806 2450 5185
4859 277 5186
4875 632 5187
4889 161 5188
4920 373 5189
5005 1216 5190
5017 5188 5191
5049 1394 5192
5120 46 5193
34 76 5194
34 347 5195
34 1189 5196
37 59 5197
40 55 5198
40 270 5199
40 847 5200
40 1811 5201
40 3646 5202
40 4005 5203
45 102 5204
45 270 5205
45 2905 5206
45 3280 5207
47 47 5208
49 352 5209
49 461 5210
49 563 5211
49 564 5212
50 441 5213
50 2535 5214
52 1135 5215
53 267 5216
53 397 5217
53 498 5218
53 4426 5219
55 571 5220
55 583 5221
56 2143 5222
57 37 5223
57 467 5224
65 112 5225
65 2294 5226
65 3289 5227
65 4960 5228
66 281 5229
66 286 5230
66 557 5231
67 281 5232
67 317 5233
68 114 5234
68 489 5235
68 1004 5236
68 1071 5237
70 108 5238
70 270 5239
70 961 5240
70 1176 5241
70 3037 5242
71 97 5243
71 417 5244
71 2086 5245
71 4902 5246
72 79 5247
72 468 5248
73 66 5249
73 76 5250
73 84 5251
74 599 5252
74 804 5253
74 4442 5254
75 111 5255
75 117 5256
75 275 5257
75 281 5258
76 67 5259
76 314 5260
76 697 5261
77 394 5262
77 493 5263
77 622 5264
77 1221 5265
77 1596 5266
77 1853 5267
78 73 5268
78 307 5269
79 363 5270
79 1391 5271
79 1685 5272
80 65 5273
80 104 5274
80 348 5275
80 804 5276
80 2583 5277
80 3230 5278
80 3579 5279
80 3747 5280
82 288 5281
82 402 5282
82 804 5283
83 112 5284
83 121 5285
83 515 5286
84 111 5287
84 114 5288
84 1415 5289
86 97 5290
86 305 5291
87 468 5292
87 726 5293
87 993 5294
87 1317 5295
89 3104 5296
91 91 5297
91 2925 5298
98 333 5299
98 375 5300
98 492 5301
98 548 5302
98 1195 5303
98 4348 5304
99 287 5305
99 380 5306
99 410 5307
99 608 5308
99 676 5309
99 715 5310
99 868 5311
99 2433 5312
99 4208 5313
100 937 5314
100 2303 5315
100 4751 5316
102 111 5317
102 624 5318
102 1711 5319
103 317 5320
103 1226 5321
103 4704 5322
104 515 5323
104 930 5324
104 2099 5325
105 390 5326
106 388 5327
107 529 5328
107 838 5329
107 868 5330
107 1171 5331
107 1399 5332
108 102 5333
108 281 5334
108 515 5335
108 2596 5336
109 789 5337
110 348 5338
110 358 5339
110 590 5340
111 267 5341
111 341 5342
112 97 5343
112 322 5344
112 468 5345
112 1689 5346
112 1809 5347
115 493 5348
115 976 5349
115 1608 5350
116 319 5351
116 355 5352
116 599 5353
116 1806 5354
117 396 5355
117 624 5356
117 887 5357
118 46 5358
118 403 5359
119 270 5360
119 281 5361
119 993 5362
119 1172 5363
119 2198 5364
121 59 5365
121 281 5366
121 358 5367
150 455 5368
171 452 5369
172 601 5370
181 3526 5371
185 272 5372
195 169 5373
257 176 5374
259 41 5375
260 138 5376
260 2843 5377
262 165 5378
264 475 5379
264 746 5380
265 720 5381
265 2013 5382
265 2126 5383
265 2741 5384
266 335 5385
266 354 5386
267 41 5387
267 2198 5388
268 41 5389
268 541 5390
268 727 5391
268 2563 5392
269 289 5393
270 46 5394
270 2839 5395
271 527 5396
271 751 5397
272 304 5398
273 271 5399
273 302 5400
273 354 5401
273 774 5402
273 900 5403
273 998 5404
273 4217 5405
274 114 5406
274 436 5407
275 341 5408
275 629 5409
276 273 5410
276 577 5411
276 858 5412
277 44 5413
277 268 5414
277 774 5415
277 1094 5416
277 1540 5417
278 366 5418
278 465 5419
281 292 5420
281 914 5421
284 163 5422
284 167 5423
285 418 5424
285 627 5425
285 830 5426
286 1073 5427
287 436 5428
287 947 5429
288 403 5430
289 994 5431
289 2185 5432
290 493 5433
292 59 5434
292 428 5435
295 41 5436
295 303 5437
295 329 5438
295 475 5439
295 693 5440
296 100 5441
296 269 5442
296 485 5443
297 295 5444
297 360 5445
297 374 5446
297 401 5447
297 998 5448
297 1197 5449
299 389 5450
300 1142 5451
300 2878 5452
304 392 5453
304 724 5454
307 1115 5455
308 1410 5456
309 527 5457
314 44 5458
315 271 5459
315 272 5460
315 386 5461
315 421 5462
316 2565 5463
317 603 5464
317 3091 5465
319 111 5466
320 1102 5467
321 59 5468
323 714 5469
323 721 5470
324 156 5471
325 4321 5472
326 270 5473
326 281 5474
326 993 5475
327 56 5476
327 780 5477
327 1158 5478
327 1159 5479
327 1576 5480
328 2224 5481
328 4742 5482
331 398 5483
335 5444 5484
336 875 5485
337 4939 5486
338 276 5487
338 560 5488
338 621 5489
338 898 5490
338 1939 5491
338 2306 5492
339 455 5493
339 1258 5494
340 353 5495
342 371 5496
342 435 5497
342 1896 5498
342 2759 5499
343 811 5500
346 173 5501
347 1062 5502
348 1916 5503
349 3431 5504
351 775 5505
351 1691 5506
353 367 5507
353 813 5508
353 821 5509
353 1154 5510
353 1556 5511
358 1057 5512
359 3044 5513
360 303 5514
361 320 5515
361 774 5516
361 2548 5517
361 3250 5518
361 3610 5519
362 58 5520
362 463 5521
367 44 5522
370 542 5523
370 975 5524
370 1628 5525
372 2364 5526
374 268 5527
376 3059 5528
377 2707 5529
378 122 5530
378 443 5531
378 2690 5532
378 5318 5533
379 554 5534
379 623 5535
379 641 5536
381 44 5537
385 5453 5538
386 5527 5539
387 353 5540
387 537 5541
387 662 5542
389 624 5543
392 174 5544
393 272 5545
393 277 5546
394 286 5547
395 279 5548
400 1403 5549
400 3578 5550
401 756 5551
402 274 5552
404 414 5553
406 44 5554
408 2216 5555
410 2377 5556
414 292 5557
414 890 5558
415 269 5559
416 637 5560
419 46 5561
426 686 5562
426 752 5563
428 947 5564
431 4115 5565
435 377 5566
439 479 5567
440 283 5568
441 1626 5569
446 2025 5570
449 50 5571
450 1461 5572
455 340 5573
459 108 5574
459 1070 5575
459 1191 5576
466 1942 5577
467 45 5578
468 97 5579
468 281 5580
474 931 5581
477 596 5582
478 521 5583
478 1754 5584
485 636 5585
485 5333 5586
486 471 5587
490 1274 5588
490 3822 5589
493 4892 5590
495 333 5591
497 1149 5592
497 3510 5593
500 293 5594
509 272 5595
511 395 5596
511 3871 5597
513 391 5598
513 3253 5599
515 1072 5600
516 568 5601
517 44 5602
521 1444 5603
522 736 5604
522 794 5605
522 1885 5606
527 5419 5607
533 650 5608
533 1240 5609
534 823 5610
543 349 5611
546 279 5612
547 4022 5613
549 288 5614
549 631 5615
556 286 5616
556 2086 5617
557 317 5618
561 1042 5619
561 4528 5620
563 47 5621
569 47 5622
572 376 5623
574 288 5624
574 698 5625
579 44 5626
585 4233 5627
587 5372 5628
591 843 5629
591 969 5630
594 834 5631
596 1946 5632
597 2201 5633
597 4727 5634
609 1286 5635
610 343 5636
612 665 5637
612 2515 5638
617 101 5639
617 1255 5640
617 2089 5641
625 4305 5642
628 2382 5643
631 341 5644
631 885 5645
633 288 5646
640 1979 5647
640 2277 5648
641 45 5649
650 493 5650
653 1694 5651
656 350 5652
658 355 5653
660 398 5654
665 93 5655
667 614 5656
675 267 5657
676 4886 5658
685 3563 5659
690 1937 5660
704 2496 5661
706 1979 5662
706 2277 5663
713 948 5664
717 46 5665
725 558 5666
729 184 5667
732 415 5668
733 352 5669
740 351 5670
752 259 5671
752 4701 5672
754 4457 5673
769 115 5674
769 281 5675
783 107 5676
789 319 5677
793 352 5678
793 875 5679
795 5572 5680
796 46 5681
803 271 5682
808 285 5683
809 814 5684
813 353 5685
814 350 5686
814 421 5687
818 2689 5688
821 740 5689
823 3084 5690
826 1541 5691
830 3057 5692
836 5334 5693
839 632 5694
846 319 5695
852 4193 5696
854 1365 5697
860 93 5698
861 55 5699
872 723 5700
872 2486 5701
877 642 5702
882 5189 5703
884 4947 5704
885 5408 5705
886 115 5706
891 270 5707
902 173 5708
905 5442 5709
921 264 5710
938 368 5711
939 312 5712
940 55 5713
946 1324 5714
949 715 5715
956 356 5716
962 530 5717
964 620 5718
972 4345 5719
973 350 5720
977 319 5721
987 5455 5722
991 337 5723
997 44 5724
997 425 5725
998 44 5726
1004 5625 5727
1005 2886 5728
1006 97 5729
1011 34 5730
1023 110 5731
1033 267 5732
1034 1364 5733
1047 49 5734
1068 3111 5735
1071 330 5736
1077 624 5737
1087 848 5738
1088 1748 5739
1126 1026 5740
1139 1175 5741
1155 115 5742
1161 1236 5743
1164 270 5744
1165 272 5745
1166 354 5746
1177 115 5747
1180 840 5748
1183 46 5749
1188 298 5750
1190 5003 5751
1192 5557 5752
1195 288 5753
1201 858 5754
1202 5368 5755
1202 5371 5756
1211 46 5757
1221 322 5758
1225 368 5759
1232 5569 5760
1234 3358 5761
1236 890 5762
1236 4020 5763
1239 1937 5764
1243 54 5765
1243 57 5766
1248 4297 5767
1253 782 5768
1253 2745 5769
1255 44 5770
1257 277 5771
1271 292 5772
1276 45 5773
1283 5351 5774
1288 1099 5775
1300 54 5776
1308 41 5777
1309 51 5778
1327 5147 5779
1335 759 5780
1343 1513 5781
1347 665 5782
1349 465 5783
1357 3459 5784
1360 5322 5785
1362 116 5786
1364 46 5787
1374 4731 5788
1385 115 5789
1389 44 5790
1401 1240 5791
1401 3478 5792
1403 527 5793
1415 1006 5794
1415 4698 5795
1419 44 5796
1427 5452 5797
1431 5562 5798
1435 1465 5799
1435 2136 5800
1442 46 5801
1456 120 5802
1462 908 5803
1476 570 5804
1491 1172 5805
1495 322 5806
1508 1008 5807
1516 2727 5808
1522 3555 5809
1531 423 5810
1533 4659 5811
1542 398 5812
1579 358 5813
1590 5430 5814
1605 545 5815
1609 355 5816
1623 1137 5817
1640 101 5818
1640 330 5819
1642 4797 5820
1665 3380 5821
1673 978 5822
1674 1684 5823
1690 378 5824
1716 44 5825
1716 46 5826
1737 2488 5827
1769 2885 5828
1770 848 5829
1776 2267 5830
1785 97 5831
1794 359 5832
1795 4263 5833
1795 4766 5834
1808 4791 5835
1812 310 5836
1849 121 5837
1868 264 5838
1878 4647 5839
1882 2194 5840
1887 288 5841
1910 1020 5842
1912 3156 5843
1912 5808 5844
1915 44 5845
1917 4234 5846
1919 363 5847
1922 5753 5848
1925 1710 5849
1929 1143 5850
1941 455 5851
1941 4954 5852
1957 112 5853
1967 3098 5854
2002 2395 5855
2034 281 5856
2034 305 5857
2038 366 5858
2056 44 5859
2056 115 5860
2057 5622 5861
2069 5824 5862
2081 5328 5863
2084 4772 5864
2087 1679 5865
2089 270 5866
2130 3028 5867
2155 1008 5868
2163 269 5869
2171 375 5870
2179 44 5871
2186 396 5872
2200 776 5873
2204 46 5874
2207 393 5875
2233 513 5876
2235 1410 5877
2237 713 5878
2252 58 5879
2285 4290 5880
2291 363 5881
2296 2232 5882
2304 4924 5883
2316 2723 5884
2362 1035 5885
2373 568 5886
2376 570 5887
2403 2738 5888
2405 4661 5889
2405 5026 5890
2414 905 5891
2444 58 5892
2460 3162 5893
2463 44 5894
2471 3556 5895
2472 380 5896
2481 295 5897
2510 1137 5898
2512 5760 5899
2520 5346 5900
2525 116 5901
2528 108 5902
2528 363 5903
2532 819 5904
2536 281 5905
2541 929 5906
2571 1096 5907
2582 3805 5908
2591 5884 5909
2605 312 5910
2641 272 5911
2674 1002 5912
2712 266 5913
2718 5607 5914
2736 4346 5915
2742 281 5916
2751 288 5917
2751 698 5918
2754 272 5919
2757 3912 5920
2771 2336 5921
2798 929 5922
2824 2856 5923
2826 5679 5924
2828 3500 5925
2832 471 5926
2847 2395 5927
2855 2127 5928
2859 5451 5929
2862 3708 5930
2866 475 5931
2866 850 5932
2908 466 5933
2931 409 5934
2940 330 5935
2992 2552 5936
2998 121 5937
3003 524 5938
3048 991 5939
3058 136 5940
3060 308 5941
3071 653 5942
3072 151 5943
3080 116 5944
3081 558 5945
3086 306 5946
3092 281 5947
3093 1691 5948
3095 288 5949
3134 421 5950
3152 2888 5951
3167 269 5952
3177 4397 5953
3177 4734 5954
3189 1399 5955
3203 3533 5956
3270 592 5957
3278 265 5958
3298 3029 5959
3363 303 5960
3383 3282 5961
3405 268 5962
3435 46 5963
3439 44 5964
3445 103 5965
3449 691 5966
3467 5320 5967
3468 5354 5968
3472 1086 5969
3474 4456 5970
3490 5704 5971
3504 259 5972
3527 1151 5973
3528 1269 5974
3542 5529 5975
3581 288 5976
3594 274 5977
3665 362 5978
3711 545 5979
3715 41 5980
3735 5709 5981
3739 1456 5982
3740 290 5983
3768 121 5984
3788 362 5985
3819 360 5986
3850 5423 5987
3898 378 5988
3943 351 5989
3948 335 5990
3962 288 5991
3976 58 5992
3978 51 5993
4003 1269 5994
4035 455 5995
4046 272 5996
4052 2986 5997
4102 3069 5998
4122 310 5999
4148 2792 6000
4157 5227 6001
4159 71 6002
4162 2856 6003
4164 275 6004
4170 290 6005
4173 1101 6006
4221 597 6007
4229 4865 6008
4242 4008 6009
4252 4994 6010
4274 288 6011
4277 727 6012
4326 1167 6013
4330 3580 6014
4336 335 6015
4354 2902 6016
4376 1103 6017
4402 811 6018
4440 874 6019
4445 5992 6020
4485 313 6021
4500 432 6022
4527 2687 6023
4558 887 6024
4563 282 6025
4564 3803 6026
4588 116 6027
4592 333 6028
4610 384 6029
4612 776 6030
4619 267 6031
4623 1004 6032
4658 1141 6033
4699 5046 6034
4703 272 6035
4735 4540 6036
4736 1793 6037
4756 5945 6038
4762 288 6039
4804 497 6040
4835 1255 6041
4853 5654 6042
4867 288 6043
4870 2442 6044
4896 700 6045
4933 3904 6046
4941 5899 6047
4946 580 6048
4995 1845 6049
4996 5559 6050
5002 698 6051
5023 1115 6052
5060 101 6053
5114 690 6054
5119 5812 6055
5128 265 6056
5134 50 6057
5151 56 6058
5167 46 6059
5183 907 6060
5202 303 6061
5237 3844 6062
5240 1147 6063
5254 5693 6064
5257 107 6065
5265 2947 6066
5270 109 6067
5272 616 6068
5275 5988 6069
5280 68 6070
5323 333 6071
5330 4631 6072
5384 1370 6073
5397 795 6074
5401 418 6075
5426 621 6076
5447 271 6077
5450 5747 6078
5462 386 6079
5463 5392 6080
5472 3517 6081
5486 3508 6082
5492 183 6083
5497 5764 6084
5538 5370 6085
5575 776 6086
5589 2852 6087
5590 945 6088
5615 549 6089
5617 3038 6090
5641 1223 6091
5651 1896 6092
5692 265 6093
5761 714 6094
5814 288 6095
5820 585 6096
5908 387 6097
5909 310 6098
6001 2297 6099
6034 747 6100
6047 54 6101
34 69 6102
34 72 6103
34 73 6104
34 83 6105
34 299 6106
34 460 6107
34 675 6108
34 1200 6109
34 1311 6110
34 3632 6111
34 4525 6112
39 44 6113
39 430 6114
40 37 6115
40 54 6116
40 66 6117
40 70 6118
40 349 6119
40 477 6120
40 564 6121
40 641 6122
40 669 6123
40 717 6124
40 860 6125
40 1665 6126
40 5777 6127
45 321 6128
45 485 6129
45 542 6130
45 569 6131
45 579 6132
45 708 6133
45 1011 6134
45 2644 6135
45 3210 6136
45 3558 6137
46 959 6138
48 37 6139
49 554 6140
49 669 6141
50 58 6142
50 700 6143
51 50 6144
51 461 6145
51 543 6146
51 2143 6147
51 4424 6148
52 50 6149
53 49 6150
53 569 6151
53 602 6152
54 50 6153
54 52 6154
54 1835 6155
55 397 6156
55 542 6157
55 708 6158
57 620 6159
57 2170 6160
63 430 6161
65 98 6162
65 106 6163
65 107 6164
65 326 6165
65 547 6166
65 804 6167
66 274 6168
66 348 6169
66 629 6170
66 4909 6171
66 5731 6172
67 269 6173
67 417 6174
67 793 6175
67 4149 6176
68 649 6177
68 4605 6178
69 103 6179
70 111 6180
70 114 6181
70 1423 6182
70 2413 6183
71 111 6184
71 114 6185
71 380 6186
71 404 6187
72 105 6188
72 517 6189
72 5466 6190
73 78 6191
74 83 6192
75 105 6193
75 1337 6194
76 471 6195
76 1396 6196
77 99 6197
77 121 6198
77 314 6199
77 407 6200
77 431 6201
77 804 6202
77 983 6203
77 2543 6204
77 3078 6205
78 74 6206
78 474 6207
80 111 6208
80 117 6209
80 121 6210
80 314 6211
80 726 6212
80 1033 6213
80 4174 6214
82 76 6215
82 399 6216
82 1022 6217
82 1221 6218
82 1460 6219
82 2298 6220
82 4856 6221
83 270 6222
83 281 6223
83 348 6224
83 629 6225
83 836 6226
83 1147 6227
83 1788 6228
83 2099 6229
83 3231 6230
83 4201 6231
83 5432 6232
84 67 6233
84 526 6234
84 3959 6235
84 5552 6236
85 75 6237
85 1312 6238
85 5273 6239
86 286 6240
87 2086 6241
87 3448 6242
87 5247 6243
89 286 6244
89 584 6245
90 287 6246
91 55 6247
91 618 6248
91 1881 6249
93 93 6250
97 428 6251
97 700 6252
97 1168 6253
98 286 6254
98 292 6255
98 380 6256
98 403 6257
98 3256 6258
98 4355 6259
99 355 6260
99 404 6261
99 407 6262
99 457 6263
99 670 6264
99 887 6265
99 1608 6266
99 1736 6267
99 1750 6268
99 2238 6269
99 2552 6270
99 3959 6271
99 5677 6272
100 115 6273
100 275 6274
100 348 6275
100 1063 6276
101 290 6277
101 1147 6278
102 358 6279
102 726 6280
102 3790 6281
103 270 6282
103 330 6283
103 390 6284
103 765 6285
103 1115 6286
103 3572 6287
104 1226 6288
104 1317 6289
104 5409 6290
105 45 6291
105 106 6292
105 287 6293
105 954 6294
106 105 6295
106 375 6296
107 274 6297
107 314 6298
107 1364 6299
108 46 6300
108 290 6301
108 489 6302
108 1009 6303
108 1354 6304
108 3087 6305
109 411 6306
109 415 6307
109 983 6308
109 4197 6309
110 275 6310
110 5618 6311
111 45 6312
111 122 6313
111 4872 6314
112 348 6315
112 573 6316
112 5048 6317
114 573 6318
115 47 6319
115 430 6320
115 599 6321
115 1167 6322
115 1880 6323
116 45 6324
116 307 6325
116 629 6326
116 2037 6327
117 267 6328
118 407 6329
118 517 6330
118 2329 6331
118 2701 6332
119 287 6333
119 584 6334
119 1317 6335
119 1758 6336
119 2106 6337
120 120 6338
121 112 6339
121 330 6340
121 1499 6341
121 1639 6342
122 1219 6343
124 5141 6344
130 185 6345
149 933 6346
165 539 6347
166 296 6348
170 377 6349
170 408 6350
171 264 6351
183 373 6352
195 188 6353
195 6348 6354
197 171 6355
226 6345 6356
257 178 6357
259 366 6358
260 165 6359
264 44 6360
265 44 6361
265 329 6362
265 343 6363
265 360 6364
265 412 6365
265 425 6366
265 734 6367
265 751 6368
265 1821 6369
265 2883 6370
265 3601 6371
267 45 6372
267 270 6373
267 330 6374
267 2395 6375
268 265 6376
268 2215 6377
269 326 6378
270 446 6379
270 504 6380
270 937 6381
270 1533 6382
270 1824 6383
270 2635 6384
271 360 6385
272 276 6386
272 1008 6387
272 1819 6388
273 297 6389
273 2421 6390
273 3111 6391
274 476 6392
274 800 6393
276 350 6394
276 587 6395
277 418 6396
277 596 6397
277 1143 6398
277 1610 6399
277 2548 6400
278 265 6401
278 810 6402
280 110 6403
281 547 6404
281 2023 6405
283 328 6406
283 392 6407
283 577 6408
283 850 6409
283 865 6410
283 906 6411
283 1091 6412
283 2890 6413
283 3120 6414
283 5723 6415
285 276 6416
285 350 6417
285 519 6418
285 906 6419
285 1746 6420
286 109 6421
286 396 6422
286 848 6423
286 2188 6424
286 3038 6425
287 489 6426
288 341 6427
289 352 6428
289 355 6429
289 3981 6430
290 46 6431
290 330 6432
290 3215 6433
292 396 6434
293 711 6435
295 265 6436
295 774 6437
295 4430 6438
296 281 6439
296 288 6440
296 2153 6441
296 2898 6442
297 271 6443
297 329 6444
297 418 6445
297 681 6446
297 767 6447
299 479 6448
299 4396 6449
300 386 6450
301 883 6451
302 316 6452
303 1886 6453
304 671 6454
305 1650 6455
307 44 6456
309 774 6457
311 380 6458
312 4952 6459
313 105 6460
313 286 6461
313 292 6462
313 330 6463
313 504 6464
313 705 6465
313 2048 6466
315 585 6467
315 2201 6468
316 360 6469
316 536 6470
316 587 6471
316 1927 6472
316 2437 6473
317 481 6474
317 853 6475
317 3802 6476
319 115 6477
319 269 6478
320 300 6479
320 328 6480
320 558 6481
320 681 6482
320 998 6483
320 3956 6484
323 406 6485
323 4432 6486
324 173 6487
325 1102 6488
325 3880 6489
325 4040 6490
325 4876 6491
326 1286 6492
326 1358 6493
326 6393 6494
328 295 6495
328 337 6496
328 356 6497
328 751 6498
328 960 6499
329 1967 6500
331 340 6501
331 1812 6502
332 274 6503
333 326 6504
333 362 6505
335 734 6506
335 2136 6507
335 2437 6508
336 45 6509
336 547 6510
337 621 6511
337 1169 6512
338 273 6513
338 297 6514
338 478 6515
338 1540 6516
338 2097 6517
338 2372 6518
338 2870 6519
339 398 6520
339 516 6521
339 2705 6522
340 537 6523
340 3931 6524
342 512 6525
342 933 6526
342 1656 6527
342 2450 6528
343 432 6529
344 160 6530
344 179 6531
346 149 6532
346 154 6533
350 303 6534
352 605 6535
352 3609 6536
352 4309 6537
353 740 6538
353 1744 6539
353 3515 6540
354 300 6541
355 3778 6542
357 5072 6543
358 115 6544
358 288 6545
358 313 6546
359 312 6547
359 5377 6548
360 421 6549
361 400 6550
361 1031 6551
361 1662 6552
361 1934 6553
363 46 6554
367 46 6555
367 513 6556
368 91 6557
370 708 6558
371 398 6559
371 1430 6560
372 331 6561
372 539 6562
372 580 6563
372 3614 6564
372 5987 6565
374 303 6566
375 688 6567
376 398 6568
376 500 6569
376 512 6570
376 580 6571
378 274 6572
378 390 6573
378 2085 6574
379 49 6575
379 56 6576
379 619 6577
379 895 6578
380 112 6579
380 524 6580
380 1222 6581
383 424 6582
392 130 6583
392 154 6584
392 175 6585
393 264 6586
393 300 6587
393 374 6588
393 2959 6589
394 313 6590
395 310 6591
399 323 6592
399 624 6593
399 1296 6594
400 808 6595
400 4490 6596
403 97 6597
404 355 6598
406 288 6599
408 813 6600
408 3316 6601
409 558 6602
410 504 6603
412 6451 6604
414 382 6605
414 4181 6606
416 2546 6607
417 1899 6608
426 478 6609
426 1018 6610
426 2603 6611
429 116 6612
429 394 6613
429 629 6614
429 3108 6615
433 316 6616
433 3824 6617
433 4709 6618
435 5877 6619
436 34 6620
438 1694 6621
439 968 6622
439 5642 6623
441 267 6624
442 295 6625
442 297 6626
443 923 6627
446 1210 6628
446 3398 6629
447 301 6630
448 381 6631
448 3657 6632
449 871 6633
453 44 6634
453 93 6635
455 1951 6636
458 57 6637
458 1136 6638
459 44 6639
459 281 6640
468 46 6641
468 115 6642
469 44 6643
469 109 6644
477 2041 6645
478 478 6646
479 6494 6647
482 285 6648
482 850 6649
483 41 6650
483 44 6651
485 44 6652
485 382 6653
486 286 6654
486 607 6655
486 1354 6656
486 5421 6657
488 340 6658
490 259 6659
490 297 6660
490 4013 6661
493 105 6662
493 457 6663
493 1454 6664
493 2387 6665
496 5474 6666
497 395 6667
497 1227 6668
498 48 6669
500 545 6670
508 293 6671
508 1802 6672
508 4817 6673
509 3825 6674
511 3068 6675
512 293 6676
512 6601 6677
515 414 6678
519 259 6679
519 265 6680
519 329 6681
521 585 6682
522 1289 6683
522 6649 6684
523 2240 6685
525 592 6686
527 259 6687
529 5882 6688
531 5325 6689
531 6341 6690
531 6574 6691
533 6329 6692
543 52 6693
543 53 6694
543 57 6695
545 293 6696
549 97 6697
554 498 6698
556 599 6699
556 1612 6700
560 272 6701
560 4738 6702
561 3596 6703
562 1455 6704
563 397 6705
566 6278 6706
572 948 6707
572 1154 6708
572 1603 6709
573 2413 6710
576 136 6711
576 161 6712
576 167 6713
582 154 6714
582 156 6715
582 174 6716
582 6346 6717
586 5970 6718
591 3318 6719
594 52 6720
594 56 6721
595 295 6722
596 44 6723
596 304 6724
597 379 6725
598 1466 6726
598 2481 6727
599 115 6728
599 314 6729
604 637 6730
604 2853 6731
610 312 6732
610 519 6733
611 1797 6734
612 3182 6735
612 4582 6736
613 3108 6737
617 650 6738
618 277 6739
619 267 6740
619 583 6741
621 426 6742
628 350 6743
628 1398 6744
631 661 6745
634 1130 6746
636 358 6747
636 1240 6748
639 350 6749
640 49 6750
640 1779 6751
642 54 6752
645 58 6753
647 1103 6754
650 1634 6755
652 268 6756
652 350 6757
652 1035 6758
653 822 6759
656 259 6760
656 884 6761
657 644 6762
657 721 6763
659 688 6764
662 1542 6765
663 759 6766
664 1793 6767
665 37 6768
669 93 6769
674 48 6770
675 307 6771
675 4240 6772
676 115 6773
676 288 6774
678 802 6775
678 1478 6776
678 3875 6777
678 5501 6778
679 34 6779
679 4511 6780
682 4770 6781
685 2083 6782
685 2153 6783
685 2767 6784
685 4210 6785
692 1229 6786
693 259 6787
693 272 6788
693 541 6789
694 4471 6790
701 3787 6791
702 2185 6792
703 488 6793
703 4021 6794
712 401 6795
714 313 6796
714 4695 6797
717 397 6798
719 734 6799
724 3843 6800
736 264 6801
736 266 6802
739 293 6803
743 46 6804
744 4207 6805
745 259 6806
746 4973 6807
752 3249 6808
754 1857 6809
763 442 6810
763 1142 6811
769 44 6812
770 273 6813
777 91 6814
784 376 6815
784 4379 6816
784 5494 6817
787 53 6818
795 5666 6819
802 184 6820
806 3773 6821
813 3574 6822
821 3291 6823
826 296 6824
826 352 6825
827 292 6826
830 304 6827
830 6807 6828
843 44 6829
843 46 6830
857 713 6831
864 44 6832
867 3657 6833
872 1587 6834
872 5355 6835
877 55 6836
879 369 6837
879 465 6838
883 1821 6839
893 295 6840
893 3923 6841
896 267 6842
896 397 6843
898 2194 6844
901 307 6845
902 178 6846
903 44 6847
907 367 6848
917 393 6849
938 397 6850
940 53 6851
941 93 6852
942 115 6853
942 463 6854
947 44 6855
950 1115 6856
962 6444 6857
964 57 6858
968 101 6859
969 1089 6860
980 2453 6861
987 3609 6862
989 4196 6863
992 44 6864
996 44 6865
997 421 6866
999 592 6867
999 1076 6868
1005 399 6869
1005 629 6870
1016 278 6871
1018 1548 6872
1028 111 6873
1034 1119 6874
1038 1504 6875
1042 287 6876
1044 2005 6877
1065 44 6878
1068 421 6879
1074 46 6880
1082 554 6881
1089 93 6882
1092 1243 6883
1093 355 6884
1095 991 6885
1096 367 6886
1098 1496 6887
1107 1144 6888
1107 3036 6889
1111 46 6890
1117 5380 6891
1126 307 6892
1135 461 6893
1136 773 6894
1138 37 6895
1139 2457 6896
1161 5347 6897
1162 115 6898
1163 548 6899
1164 288 6900
1164 298 6901
1167 5173 6902
1170 1444 6903
1170 2038 6904
1179 44 6905
1180 1414 6906
1184 1993 6907
1192 323 6908
1192 1299 6909
1192 5624 6910
1202 149 6911
1202 152 6912
1202 6349 6913
1205 46 6914
1225 4412 6915
1228 1954 6916
1233 602 6917
1234 1770 6918
1241 281 6919
1248 1398 6920
1253 2938 6921
1258 2335 6922
1263 734 6923
1264 366 6924
1267 175 6925
1267 181 6926
1270 2744 6927
1272 1814 6928
1296 115 6929
1300 55 6930
1300 56 6931
1309 52 6932
1313 2411 6933
1316 3955 6934
1319 363 6935
1336 259 6936
1346 1542 6937
1346 2746 6938
1346 5528 6939
1349 440 6940
1358 305 6941
1360 6303 6942
1373 1371 6943
1381 277 6944
1381 409 6945
1385 947 6946
1391 103 6947
1395 1603 6948
1398 3249 6949
1406 637 6950
1412 2709 6951
1426 6861 6952
1430 339 6953
1430 503 6954
1454 2574 6955
1455 3799 6956
1463 4259 6957
1464 6758 6958
1466 300 6959
1476 408 6960
1486 97 6961
1487 275 6962
1491 290 6963
1493 3223 6964
1496 5422 6965
1501 5551 6966
1502 1900 6967
1502 5697 6968
1528 769 6969
1534 105 6970
1545 5762 6971
1554 3575 6972
1586 3717 6973
1590 5547 6974
1608 288 6975
1614 2596 6976
1622 1639 6977
1627 397 6978
1629 657 6979
1636 1384 6980
1638 264 6981
1646 432 6982
1647 779 6983
1648 2590 6984
1663 1080 6985
1669 691 6986
1669 2677 6987
1673 2769 6988
1679 5435 6989
1681 6309 6990
1695 874 6991
1697 1430 6992
1738 5775 6993
1745 3217 6994
1750 4814 6995
1764 264 6996
1776 4556 6997
1784 314 6998
1786 670 6999
1795 6077 7000
1799 351 7001
1803 1638 7002
1808 1691 7003
1816 5849 7004
1819 264 7005
1823 6253 7006
1823 6354 7007
1833 55 7008
1838 2088 7009
1838 3882 7010
1840 1141 7011
1869 1827 7012
1876 4786 7013
1882 374 7014
1882 3592 7015
1889 6464 7016
1889 6975 7017
1894 2418 7018
1911 557 7019
1911 4448 7020
1912 275 7021
1912 4042 7022
1913 121 7023
1917 2034 7024
1917 3882 7025
1918 108 7026
1929 2142 7027
1929 4407 7028
1936 740 7029
1948 545 7030
1955 51 7031
1966 5473 7032
1972 1278 7033
1973 46 7034
1975 44 7035
1992 457 7036
1994 288 7037
2001 45 7038
2013 1932 7039
2021 381 7040
2024 1644 7041
2027 440 7042
2027 521 7043
2027 585 7044
2030 6823 7045
2031 2364 7046
2033 1744 7047
2040 6742 7048
2043 6452 7049
2046 579 7050
2048 101 7051
2050 948 7052
2052 268 7053
2057 5621 7054
2064 44 7055
2069 98 7056
2069 5052 7057
2074 3374 7058
2090 103 7059
2091 355 7060
2093 115 7061
2093 3902 7062
2119 838 7063
2124 272 7064
2147 2329 7065
2158 1444 7066
2163 97 7067
2173 112 7068
2177 1328 7069
2181 44 7070
2193 1638 7071
2201 2105 7072
2203 4728 7073
2206 3238 7074
2209 4395 7075
2230 259 7076
2231 3945 7077
2243 288 7078
2243 330 7079
2249 292 7080
2251 778 7081
2266 301 7082
2269 698 7083
2286 5030 7084
2292 44 7085
2327 478 7086
2330 1072 7087
2335 455 7088
2345 421 7089
2357 51 7090
2362 1361 7091
2362 4491 7092
2374 115 7093
2383 46 7094
2392 611 7095
2392 6967 7096
2393 44 7097
2400 115 7098
2400 436 7099
2408 1212 7100
2414 3085 7101
2415 288 7102
2421 1091 7103
2422 6368 7104
2446 3178 7105
2448 6681 7106
2449 3930 7107
2452 4910 7108
2487 312 7109
2490 3853 7110
2493 476 7111
2509 323 7112
2525 485 7113
2527 4042 7114
2548 2954 7115
2568 182 7116
2575 585 7117
2579 621 7118
2582 6350 7119
2583 890 7120
2589 3040 7121
2594 339 7122
2613 450 7123
2621 453 7124
2632 46 7125
2648 44 7126
2662 800 7127
2670 3330 7128
2671 4243 7129
2685 901 7130
2697 5910 7131
2700 478 7132
2708 162 7133
2728 2319 7134
2728 7074 7135
2733 350 7136
2736 353 7137
2737 4271 7138
2741 6680 7139
2743 335 7140
2756 1800 7141
2757 3088 7142
2777 807 7143
2780 6137 7144
2791 46 7145
2820 3717 7146
2828 100 7147
2832 697 7148
2849 4293 7149
2850 332 7150
2855 418 7151
2858 7039 7152
2869 276 7153
2873 373 7154
2895 6675 7155
2929 273 7156
2932 5780 7157
2942 332 7158
2944 776 7159
2955 545 7160
2955 4419 7161
2963 1650 7162
2971 330 7163
2976 44 7164
2977 275 7165
2983 310 7166
2995 46 7167
2999 4335 7168
3005 115 7169
3007 1458 7170
3014 634 7171
3034 442 7172
3050 574 7173
3053 355 7174
3058 4215 7175
3064 414 7176
3079 121 7177
3092 4632 7178
3112 363 7179
3118 688 7180
3142 1542 7181
3149 288 7182
3149 292 7183
3152 348 7184
3159 259 7185
3179 2513 7186
3193 5580 7187
3236 160 7188
3243 1560 7189
3259 366 7190
3268 2194 7191
3270 303 7192
3284 373 7193
3287 570 7194
3288 4315 7195
3307 472 7196
3332 3616 7197
3336 322 7198
3336 2111 7199
3341 425 7200
3346 463 7201
3363 2710 7202
3384 504 7203
3405 1076 7204
3413 559 7205
3415 3371 7206
3415 6948 7207
3423 97 7208
3423 874 7209
3425 274 7210
3425 3491 7211
3429 2965 7212
3430 286 7213
3448 82 7214
3468 3021 7215
3501 270 7216
3532 330 7217
3559 288 7218
3575 308 7219
3582 400 7220
3591 1229 7221
3595 395 7222
3611 1577 7223
3646 265 7224
3672 292 7225
3742 4214 7226
3746 2747 7227
3748 111 7228
3749 6433 7229
3750 1423 7230
3750 4175 7231
3752 292 7232
3753 6131 7233
3760 2025 7234
3763 281 7235
3763 2314 7236
3772 424 7237
3837 287 7238
3855 288 7239
3866 295 7240
3866 519 7241
3869 671 7242
3891 907 7243
3894 293 7244
3899 1594 7245
3916 1493 7246
3920 3708 7247
3921 355 7248
3921 1072 7249
3957 1682 7250
3984 807 7251
3988 277 7252
3993 3224 7253
3994 478 7254
4002 115 7255
4002 281 7256
4027 741 7257
4073 277 7258
4116 980 7259
4126 1576 7260
4136 3272 7261
4139 3534 7262
4143 362 7263
4160 436 7264
4163 4675 7265
4202 290 7266
4212 901 7267
4213 415 7268
4225 5067 7269
4237 4437 7270
4244 2110 7271
4253 259 7272
4273 1754 7273
4275 3839 7274
4328 330 7275
4332 770 7276
4342 489 7277
4360 6760 7278
4362 97 7279
4363 5770 7280
4385 272 7281
4392 6922 7282
4415 150 7283
4428 350 7284
4458 282 7285
4522 4749 7286
4548 275 7287
4570 883 7288
4586 3011 7289
4594 5520 7290
4611 7141 7291
4639 355 7292
4644 102 7293
4654 499 7294
4657 994 7295
4670 290 7296
4679 2199 7297
4696 1167 7298
4706 41 7299
4714 386 7300
4757 752 7301
4769 6857 7302
4794 998 7303
4796 409 7304
4816 308 7305
4818 310 7306
4825 352 7307
4839 310 7308
4923 272 7309
4942 3039 7310
4958 1927 7311
5010 3240 7312
5021 5344 7313
5036 293 7314
5076 3833 7315
5079 4864 7316
5115 741 7317
5126 266 7318
5146 2528 7319
5179 2250 7320
5190 303 7321
5220 4133 7322
5228 46 7323
5236 7298 7324
5241 46 7325
5248 4266 7326
5259 2661 7327
5263 2247 7328
5269 97 7329
5278 1073 7330
5288 710 7331
5292 3209 7332
5299 396 7333
5350 4970 7334
5359 4198 7335
5379 259 7336
5433 1394 7337
5439 1967 7338
5443 2572 7339
5464 820 7340
5491 908 7341
5493 738 7342
5515 1638 7343
5516 5996 7344
5526 398 7345
5542 2879 7346
5558 2341 7347
5566 398 7348
5567 2938 7349
5595 3922 7350
5596 6487 7351
5599 310 7352
5604 2547 7353
5619 886 7354
5636 621 7355
5638 1232 7356
5640 120 7357
5652 277 7358
5657 2904 7359
5660 4831 7360
5667 5573 7361
5712 1473 7362
5788 1369 7363
5865 115 7364
5870 3794 7365
5883 3303 7366
5885 44 7367
5932 266 7368
5954 58 7369
5966 605 7370
5975 455 7371
5986 2854 7372
6002 69 7373
6013 269 7374
6044 5160 7375
6065 945 7376
6071 314 7377
6073 425 7378
6083 409 7379
6088 288 7380
6094 46 7381
6129 6542 7382
6169 1181 7383
6170 5302 7384
6174 978 7385
6188 6666 7386
6189 1596 7387
6192 7214 7388
6209 6647 7389
6212 670 7390
6213 117 7391
6217 820 7392
6218 635 7393
6220 1041 7394
6230 1639 7395
6244 6305 7396
6246 6314 7397
6248 6589 7398
6268 355 7399
6270 614 7400
6275 2675 7401
6277 267 7402
6281 6746 7403
6286 290 7404
6299 50 7405
6311 322 7406
6321 6294 7407
6379 1126 7408
6382 3563 7409
6404 6256 7410
6405 121 7411
6409 585 7412
6418 7106 7413
6419 432 7414
6447 6352 7415
6457 7154 7416
6468 1113 7417
6470 174 7418
6480 2096 7419
6482 306 7420
6488 3517 7421
6493 290 7422
6496 420 7423
6497 7417 7424
6510 524 7425
6550 1059 7426
6562 1743 7427
6569 367 7428
6618 1793 7429
6622 492 7430
6627 6941 7431
6656 108 7432
6672 5456 7433
6673 537 7434
6674 259 7435
6704 714 7436
6735 498 7437
6736 45 7438
6761 301 7439
6775 168 7440
6778 268 7441
6817 2305 7442
6821 1809 7443
6822 2323 7444
6877 421 7445
6913 3068 7446
6918 820 7447
6952 295 7448
6966 259 7449
6968 455 7450
6973 6546 7451
6984 310 7452
6987 3216 7453
7007 97 7454
7024 292 7455
7028 3965 7456
7045 1096 7457
7073 350 7458
7121 455 7459
7138 455 7460
7146 3066 7461
7229 7213 7462
7302 386 7463
7397 269 7464
7398 93 7465
34 84 7466
34 872 7467
34 1307 7468
34 1671 7469
34 2627 7470
34 3247 7471
34 4446 7472
34 4533 7473
34 4989 7474
34 5152 7475
37 44 7476
39 69 7477
39 1686 7478
40 83 7479
40 124 7480
40 280 7481
40 291 7482
40 321 7483
40 441 7484
40 619 7485
40 1179 7486
40 1305 7487
40 1669 7488
40 2524 7489
40 3071 7490
40 5626 7491
40 6082 7492
41 366 7493
44 1024 7494
45 289 7495
45 375 7496
45 534 7497
45 642 7498
45 990 7499
45 1685 7500
45 2337 7501
45 3387 7502
45 4645 7503
45 4926 7504
45 6509 7505
45 7163 7506
46 4375 7507
47 48 7508
47 115 7509
47 2252 7510
48 2811 7511
49 58 7512
49 349 7513
49 441 7514
49 3105 7515
49 3311 7516
50 620 7517
50 623 7518
50 674 7519
50 1132 7520
50 2924 7521
51 397 7522
51 708 7523
51 1024 7524
51 1780 7525
52 641 7526
52 665 7527
52 895 7528
52 1352 7529
53 542 7530
53 583 7531
53 877 7532
53 1780 7533
54 467 7534
54 642 7535
54 2811 7536
55 50 7537
55 53 7538
55 267 7539
55 717 7540
55 940 7541
55 1024 7542
56 51 7543
56 52 7544
56 56 7545
56 419 7546
56 602 7547
57 49 7548
57 54 7549
57 571 7550
57 684 7551
57 708 7552
57 773 7553
57 834 7554
57 2514 7555
58 5208 7556
65 84 7557
65 103 7558
65 625 7559
65 1850 7560
65 3477 7561
65 4304 7562
66 97 7563
66 270 7564
66 468 7565
66 549 7566
66 793 7567
66 844 7568
66 5553 7569
66 6644 7570
67 105 7571
67 287 7572
67 323 7573
67 375 7574
67 457 7575
67 469 7576
67 670 7577
67 726 7578
67 1023 7579
67 1736 7580
67 4998 7581
68 73 7582
68 307 7583
68 1599 7584
68 2889 7585
69 76 7586
69 99 7587
69 108 7588
69 988 7589
69 1141 7590
69 2542 7591
69 2573 7592
69 6465 7593
70 46 7594
70 394 7595
70 726 7596
70 804 7597
70 1026 7598
70 3457 7599
70 3547 7600
70 4753 7601
70 5357 7602
71 269 7603
71 489 7604
71 1023 7605
71 1029 7606
71 2100 7607
72 121 7608
72 274 7609
72 415 7610
72 3771 7611
73 46 7612
73 114 7613
74 111 7614
74 275 7615
74 468 7616
74 677 7617
74 836 7618
74 1001 7619
74 3781 7620
75 290 7621
75 330 7622
75 394 7623
75 414 7624
75 599 7625
75 804 7626
75 1213 7627
75 4174 7628
76 111 7629
76 286 7630
76 307 7631
76 875 7632
76 3104 7633
77 67 7634
77 274 7635
77 292 7636
77 599 7637
77 1168 7638
78 69 7639
78 97 7640
78 348 7641
78 399 7642
78 424 7643
78 804 7644
79 102 7645
79 119 7646
79 384 7647
79 406 7648
79 2837 7649
79 3042 7650
79 3050 7651
79 6476 7652
80 80 7653
80 493 7654
80 584 7655
80 1286 7656
80 1358 7657
80 4603 7658
80 7634 7659
82 403 7660
82 1223 7661
82 1634 7662
82 4901 7663
83 99 7664
83 269 7665
83 849 7666
83 1084 7667
83 1176 7668
83 1916 7669
83 1921 7670
83 2303 7671
83 2927 7672
84 115 7673
84 119 7674
84 286 7675
84 804 7676
84 2443 7677
84 5705 7678
85 6233 7679
86 269 7680
86 1167 7681
87 574 7682
87 1130 7683
87 1284 7684
87 2204 7685
87 3519 7686
87 4830 7687
91 53 7688
91 54 7689
91 291 7690
91 2066 7691
97 58 7692
97 557 7693
98 104 7694
98 287 7695
98 317 7696
98 402 7697
98 1175 7698
98 2128 7699
98 3028 7700
99 270 7701
99 378 7702
99 688 7703
99 2188 7704
99 2904 7705
99 4998 7706
99 6754 7707
100 44 7708
100 104 7709
100 317 7710
100 375 7711
100 489 7712
100 3780 7713
101 46 7714
101 59 7715
101 326 7716
101 3354 7717
102 407 7718
102 431 7719
102 499 7720
102 737 7721
102 1317 7722
102 1328 7723
102 1989 7724
102 4266 7725
102 4753 7726
103 44 7727
103 288 7728
103 313 7729
103 362 7730
103 1860 7731
103 3207 7732
103 3321 7733
103 3771 7734
104 108 7735
104 319 7736
104 380 7737
104 394 7738
104 431 7739
104 955 7740
104 1057 7741
104 1176 7742
104 2301 7743
104 4854 7744
104 5792 7745
104 6089 7746
105 524 7747
105 590 7748
105 968 7749
105 1606 7750
106 46 7751
106 358 7752
106 468 7753
107 59 7754
107 288 7755
107 1050 7756
107 2435 7757
107 2836 7758
108 97 7759
108 600 7760
108 818 7761
109 307 7762
109 313 7763
109 330 7764
109 358 7765
109 363 7766
109 495 7767
109 661 7768
109 838 7769
109 881 7770
109 994 7771
109 1172 7772
109 1442 7773
109 1460 7774
109 1529 7775
110 270 7776
110 341 7777
110 670 7778
110 838 7779
110 1191 7780
110 1415 7781
111 547 7782
111 631 7783
112 117 7784
112 275 7785
112 281 7786
112 403 7787
112 549 7788
112 818 7789
112 1071 7790
112 1101 7791
112 1458 7792
112 4319 7793
114 46 7794
114 1026 7795
114 1396 7796
115 107 7797
115 281 7798
115 287 7799
115 298 7800
115 336 7801
115 407 7802
115 697 7803
115 1212 7804
115 1354 7805
115 5904 7806
115 6706 7807
116 59 7808
116 819 7809
116 1512 7810
116 2443 7811
116 2551 7812
116 3074 7813
116 5600 7814
117 635 7815
117 844 7816
118 313 7817
118 457 7818
118 644 7819
119 2014 7820
119 4967 7821
119 6478 7822
120 288 7823
121 270 7824
121 313 7825
121 608 7826
122 122 7827
122 274 7828
125 125 7829
136 146 7830
141 412 7831
149 3371 7832
154 6284 7833
170 308 7834
172 3939 7835
172 4754 7836
181 2319 7837
226 7830 7838
256 7831 7839
258 147 7840
258 160 7841
260 160 7842
260 162 7843
260 3479 7844
262 163 7845
264 328 7846
264 4451 7847
265 283 7848
265 478 7849
265 1007 7850
266 277 7851
266 1216 7852
266 2105 7853
268 276 7854
268 393 7855
268 409 7856
268 440 7857
268 3551 7858
269 59 7859
269 101 7860
269 117 7861
269 428 7862
269 590 7863
269 741 7864
269 750 7865
269 942 7866
269 1103 7867
269 1597 7868
270 45 7869
270 330 7870
270 776 7871
270 1558 7872
270 2288 7873
270 3596 7874
270 7176 7875
271 328 7876
271 666 7877
271 1091 7878
271 3969 7879
272 265 7880
272 359 7881
272 745 7882
273 277 7883
273 725 7884
273 755 7885
273 906 7886
273 1112 7887
273 2724 7888
274 97 7889
274 390 7890
275 1733 7891
276 315 7892
276 354 7893
276 359 7894
276 400 7895
276 466 7896
276 727 7897
276 811 7898
276 2311 7899
277 276 7900
277 598 7901
277 716 7902
277 720 7903
277 1169 7904
278 412 7905
278 839 7906
278 1403 7907
278 1653 7908
278 1746 7909
278 1753 7910
278 6806 7911
280 115 7912
280 287 7913
280 605 7914
281 436 7915
281 463 7916
283 359 7917
283 401 7918
283 420 7919
283 421 7920
283 447 7921
283 704 7922
283 2202 7923
283 7908 7924
284 152 7925
284 179 7926
285 304 7927
285 767 7928
285 1602 7929
285 2853 7930
286 99 7931
286 115 7932
286 305 7933
286 1869 7934
287 44 7935
287 330 7936
287 362 7937
287 547 7938
287 1589 7939
289 2689 7940
289 4010 7941
290 58 7942
290 296 7943
290 4471 7944
291 46 7945
291 1136 7946
292 750 7947
292 787 7948
292 886 7949
293 310 7950
295 306 7951
295 601 7952
295 3807 7953
295 4765 7954
296 44 7955
296 635 7956
296 863 7957
296 994 7958
297 302 7959
297 440 7960
297 627 7961
297 858 7962
297 960 7963
297 991 7964
297 1367 7965
297 1444 7966
297 2317 7967
297 3081 7968
297 5798 7969
298 1587 7970
299 3916 7971
299 4400 7972
299 6274 7973
300 3965 7974
302 301 7975
303 1815 7976
303 2367 7977
304 5461 7978
304 7929 7979
305 275 7980
305 394 7981
305 562 7982
305 1796 7983
306 271 7984
306 374 7985
306 447 7986
306 598 7987
306 960 7988
306 1094 7989
306 1619 7990
306 1886 7991
306 2340 7992
306 2496 7993
306 2740 7994
307 101 7995
308 2452 7996
309 1793 7997
312 265 7998
312 297 7999
312 359 8000
312 850 8001
313 97 8002
313 275 8003
314 326 8004
314 688 8005
314 891 8006
315 295 8007
315 329 8008
315 343 8009
315 558 8010
315 831 8011
315 6358 8012
316 421 8013
316 525 8014
316 558 8015
316 906 8016
316 1220 8017
316 1367 8018
316 1461 8019
316 1693 8020
316 5376 8021
317 281 8022
317 406 8023
317 643 8024
317 994 8025
317 1489 8026
318 161 8027
318 182 8028
318 185 8029
319 98 8030
319 881 8031
320 360 8032
320 466 8033
320 482 8034
320 696 8035
320 1075 8036
320 1520 8037
320 4828 8038
321 787 8039
322 463 8040
323 348 8041
323 1147 8042
323 1495 8043
325 475 8044
325 530 8045
325 704 8046
325 867 8047
325 2883 8048
325 2901 8049
325 3875 8050
325 6416 8051
325 6547 8052
326 599 8053
326 838 8054
326 1322 8055
326 5092 8056
326 7816 8057
327 1137 8058
328 304 8059
328 374 8060
328 519 8061
328 786 8062
328 1169 8063
329 265 8064
329 271 8065
329 1810 8066
330 115 8067
331 408 8068
331 497 8069
331 662 8070
331 1797 8071
333 624 8072
333 776 8073
333 5586 8074
334 463 8075
336 58 8076
336 119 8077
337 44 8078
337 696 8079
337 774 8080
337 786 8081
337 1112 8082
338 271 8083
338 442 8084
338 597 8085
338 734 8086
338 745 8087
338 786 8088
338 1435 8089
338 2887 8090
338 3306 8091
338 4430 8092
338 5381 8093
338 5832 8094
339 738 8095
339 1947 8096
339 3242 8097
340 282 8098
340 310 8099
340 367 8100
340 2235 8101
340 3052 8102
340 3150 8103
342 282 8104
342 398 8105
342 1154 8106
342 2364 8107
342 4404 8108
342 5035 8109
343 277 8110
344 152 8111
344 153 8112
346 151 8113
346 3803 8114
347 973 8115
348 101 8116
349 44 8117
349 48 8118
349 267 8119
349 941 8120
350 301 8121
351 537 8122
351 593 8123
351 692 8124
351 748 8125
351 1641 8126
351 2451 8127
351 3481 8128
351 3857 8129
352 323 8130
352 1063 8131
352 5393 8132
352 7059 8133
353 516 8134
353 2561 8135
355 102 8136
356 44 8137
356 1466 8138
358 945 8139
358 1084 8140
359 3502 8141
360 44 8142
360 1434 8143
361 724 8144
361 736 8145
361 876 8146
361 3258 8147
361 6467 8148
367 351 8149
368 34 8150
370 48 8151
370 684 8152
371 1468 8153
371 2316 8154
372 377 8155
372 690 8156
372 995 8157
372 1149 8158
372 1797 8159
372 3059 8160
375 44 8161
375 590 8162
376 310 8163
376 532 8164
376 1799 8165
376 1802 8166
377 391 8167
378 288 8168
378 423 8169
378 1587 8170
379 349 8171
379 669 8172
379 1310 8173
379 1881 8174
380 46 8175
380 407 8176
381 7918 8177
382 305 8178
382 657 8179
382 4719 8180
383 121 8181
384 281 8182
385 58 8183
385 59 8184
386 268 8185
386 300 8186
386 302 8187
386 521 8188
386 785 8189
386 5745 8190
387 391 8191
387 611 8192
387 907 8193
387 1694 8194
387 1799 8195
387 5594 8196
388 1222 8197
389 7941 8198
391 3526 8199
392 136 8200
392 165 8201
392 185 8202
393 312 8203
393 418 8204
393 2454 8205
395 282 8206
396 2458 8207
397 291 8208
398 331 8209
398 559 8210
398 713 8211
399 110 8212
399 288 8213
399 290 8214
401 300 8215
402 967 8216
403 820 8217
403 1399 8218
407 355 8219
408 282 8220
408 1762 8221
408 2356 8222
410 46 8223
410 3224 8224
411 380 8225
412 295 8226
413 4683 8227
414 97 8228
414 281 8229
414 590 8230
414 806 8231
414 3798 8232
415 46 8233
415 332 8234
415 6581 8235
416 265 8236
416 865 8237
417 115 8238
417 290 8239
419 3903 8240
420 475 8241
420 595 8242
420 1291 8243
420 2478 8244
420 2579 8245
421 440 8246
422 101 8247
422 1222 8248
422 2083 8249
424 3050 8250
426 1113 8251
426 2716 8252
426 6959 8253
429 332 8254
429 463 8255
429 1360 8256
429 7785 8257
433 295 8258
433 381 8259
433 2459 8260
435 1502 8261
435 3040 8262
438 2361 8263
439 110 8264
439 963 8265
439 3065 8266
439 4396 8267
439 5728 8268
439 6805 8269
441 57 8270
441 467 8271
442 610 8272
442 3851 8273
443 1073 8274
444 79 8275
448 276 8276
448 588 8277
448 6788 8278
449 498 8279
449 1137 8280
450 696 8281
459 457 8282
459 615 8283
459 2771 8284
459 4209 8285
461 49 8286
461 2990 8287
465 44 8288
466 3613 8289
467 397 8290
468 1057 8291
471 1115 8292
472 5405 8293
474 286 8294
474 332 8295
474 2011 8296
477 5390 8297
477 6436 8298
481 7431 8299
483 288 8300
485 290 8301
485 4267 8302
486 44 8303
486 287 8304
486 661 8305
486 1752 8306
488 559 8307
488 1931 8308
488 2903 8309
490 6366 8310
492 45 8311
495 44 8312
495 102 8313
495 399 8314
496 1041 8315
497 8220 8316
498 583 8317
503 398 8318
508 353 8319
508 1098 8320
508 2323 8321
509 518 8322
509 866 8323
511 1365 8324
511 2328 8325
512 279 8326
512 2206 8327
513 308 8328
513 570 8329
515 287 8330
515 4322 8331
515 4651 8332
516 6520 8333
521 271 8334
521 297 8335
522 272 8336
523 1151 8337
523 1343 8338
525 271 8339
525 277 8340
525 386 8341
525 842 8342
525 6787 8343
529 685 8344
529 1255 8345
529 4660 8346
529 6762 8347
531 1210 8348
533 901 8349
533 905 8350
534 4495 8351
535 2506 8352
535 4115 8353
537 1098 8354
538 583 8355
538 7525 8356
539 279 8357
539 559 8358
543 554 8359
543 3721 8360
545 398 8361
547 2320 8362
548 44 8363
548 590 8364
548 2540 8365
548 2836 8366
549 1073 8367
549 1456 8368
554 37 8369
554 5217 8370
556 828 8371
556 1509 8372
556 5092 8373
557 1110 8374
561 609 8375
561 1393 8376
561 1475 8377
561 3860 8378
561 5028 8379
562 352 8380
562 657 8381
563 44 8382
563 45 8383
563 53 8384
564 4904 8385
566 2412 8386
568 398 8387
568 580 8388
568 2875 8389
568 3316 8390
569 50 8391
569 267 8392
569 571 8393
569 1300 8394
570 58 8395
572 340 8396
572 690 8397
572 1098 8398
572 3291 8399
572 3871 8400
574 45 8401
576 156 8402
576 181 8403
582 183 8404
583 4580 8405
584 6572 8406
586 3472 8407
587 3479 8408
589 421 8409
589 2340 8410
591 93 8411
591 591 8412
592 1644 8413
594 48 8414
594 57 8415
594 674 8416
594 1979 8417
596 6711 8418
597 316 8419
601 409 8420
604 440 8421
604 946 8422
604 4023 8423
607 590 8424
607 1749 8425
608 1424 8426
610 264 8427
610 4688 8428
610 6800 8429
617 636 8430
617 1164 8431
617 1278 8432
617 4571 8433
617 7700 8434
618 734 8435
619 467 8436
621 277 8437
625 355 8438
627 2901 8439
628 908 8440
630 952 8441
630 7832 8442
631 424 8443
636 313 8444
636 820 8445
636 3865 8446
639 425 8447
641 44 8448
641 684 8449
641 870 8450
642 2811 8451
642 2990 8452
643 101 8453
643 923 8454
647 333 8455
650 1006 8456
652 312 8457
652 1857 8458
653 711 8459
653 3117 8460
656 41 8461
656 840 8462
657 1111 8463
659 994 8464
662 310 8465
662 391 8466
664 1076 8467
664 3063 8468
666 2097 8469
666 4845 8470
666 6529 8471
666 7882 8472
667 380 8473
667 629 8474
667 3953 8475
669 51 8476
669 55 8477
669 397 8478
669 780 8479
670 286 8480
671 7252 8481
673 7653 8482
674 54 8483
674 1024 8484
674 5213 8485
674 7554 8486
675 103 8487
675 1299 8488
676 2745 8489
678 588 8490
678 3610 8491
685 1899 8492
685 2682 8493
685 6259 8494
690 580 8495
694 8296 8496
698 46 8497
701 492 8498
701 864 8499
703 690 8500
703 813 8501
704 350 8502
704 1062 8503
704 1118 8504
707 37 8505
707 93 8506
707 5215 8507
709 44 8508
714 314 8509
719 1044 8510
724 356 8511
732 524 8512
732 5574 8513
733 3232 8514
740 6803 8515
745 265 8516
746 304 8517
752 272 8518
752 303 8519
758 259 8520
758 856 8521
758 1321 8522
761 5326 8523
763 7909 8524
763 8408 8525
767 149 8526
770 519 8527
779 2657 8528
784 1772 8529
784 3893 8530
787 57 8531
789 114 8532
791 303 8533
793 988 8534
793 1286 8535
793 1489 8536
794 6566 8537
795 3278 8538
795 3807 8539
797 2552 8540
802 170 8541
803 45 8542
803 8190 8543
805 684 8544
806 98 8545
807 93 8546
807 969 8547
809 276 8548
809 3639 8549
813 512 8550
818 7771 8551
822 488 8552
823 44 8553
823 2299 8554
826 5206 8555
826 5918 8556
829 59 8557
830 1946 8558
830 8527 8559
832 53 8560
832 1352 8561
832 1627 8562
834 1024 8563
834 4572 8564
834 8118 8565
835 6053 8566
843 93 8567
843 591 8568
843 943 8569
843 2046 8570
849 275 8571
849 1456 8572
856 306 8573
857 46 8574
860 397 8575
861 37 8576
861 93 8577
862 46 8578
862 58 8579
864 800 8580
864 848 8581
864 1084 8582
867 1946 8583
875 97 8584
877 780 8585
881 3304 8586
890 5791 8587
893 621 8588
893 1444 8589
895 45 8590
895 620 8591
897 46 8592
897 5556 8593
897 8213 8594
898 5514 8595
900 276 8596
902 183 8597
904 7775 8598
906 315 8599
907 2108 8600
908 259 8601
911 44 8602
911 45 8603
911 93 8604
912 57 8605
914 317 8606
917 3939 8607
922 58 8608
923 890 8609
926 355 8610
928 4308 8611
932 281 8612
940 51 8613
940 1232 8614
941 37 8615
946 6533 8616
946 8336 8617
950 3500 8618
951 5310 8619
956 272 8620
956 421 8621
957 46 8622
958 1867 8623
960 5897 8624
962 878 8625
962 3033 8626
962 3551 8627
964 54 8628
969 579 8629
969 943 8630
969 969 8631
972 993 8632
972 8132 8633
973 259 8634
975 3729 8635
987 8041 8636
989 110 8637
990 44 8638
990 463 8639
994 1695 8640
997 1414 8641
997 5122 8642
1004 394 8643
1013 436 8644
1016 6757 8645
1030 2045 8646
1031 272 8647
1031 8204 8648
1034 45 8649
1044 4259 8650
1047 50 8651
1047 52 8652
1047 55 8653
1047 583 8654
1056 362 8655
1060 2871 8656
1065 874 8657
1066 2417 8658
1067 430 8659
1071 281 8660
1071 292 8661
1075 268 8662
1075 329 8663
1076 1939 8664
1077 8640 8665
1078 301 8666
1086 326 8667
1088 285 8668
1090 353 8669
1090 1648 8670
1092 44 8671
1096 1814 8672
1096 2871 8673
1097 8533 8674
1112 272 8675
1112 4264 8676
1113 283 8677
1117 374 8678
1119 5398 8679
1121 442 8680
1122 3815 8681
1135 571 8682
1135 773 8683
1136 602 8684
1136 642 8685
1138 93 8686
1142 44 8687
1153 4880 8688
1161 5309 8689
1162 44 8690
1164 3497 8691
1164 6935 8692
1165 4845 8693
1166 2854 8694
1166 3589 8695
1167 590 8696
1173 6717 8697
1184 8229 8698
1188 269 8699
1188 614 8700
1189 1978 8701
1192 1613 8702
1193 566 8703
1198 101 8704
1202 7836 8705
1204 44 8706
1225 45 8707
1228 1659 8708
1232 620 8709
1234 103 8710
1234 5645 8711
1234 8170 8712
1239 367 8713
1241 2678 8714
1244 425 8715
1245 3165 8716
1248 6008 8717
1248 6951 8718
1252 8584 8719
1258 353 8720
1258 6563 8721
1260 259 8722
1260 266 8723
1262 416 8724
1262 770 8725
1263 1926 8726
1264 1243 8727
1265 293 8728
1267 178 8729
1267 1215 8730
1268 4248 8731
1269 44 8732
1270 2602 8733
1274 44 8734
1282 101 8735
1285 1032 8736
1291 259 8737
1291 8121 8738
1300 51 8739
1310 37 8740
1310 4200 8741
1314 102 8742
1314 2600 8743
1327 7954 8744
1337 3223 8745
1341 425 8746
1343 813 8747
1343 6887 8748
1349 432 8749
1352 2595 8750
1356 100 8751
1356 332 8752
1360 1529 8753
1360 5581 8754
1363 337 8755
1365 6992 8756
1375 7837 8757
1382 340 8758
1382 2560 8759
1388 1588 8760
1390 905 8761
1391 288 8762
1393 3108 8763
1405 3907 8764
1409 4228 8765
1410 8673 8766
1415 4724 8767
1415 5469 8768
1417 2753 8769
1419 46 8770
1426 359 8771
1430 2723 8772
1435 1560 8773
1436 2913 8774
1436 7905 8775
1447 463 8776
1450 44 8777
1450 421 8778
1452 583 8779
1452 708 8780
1454 3220 8781
1460 7694 8782
1462 927 8783
1481 37 8784
1481 2656 8785
1485 5331 8786
1486 8182 8787
1487 330 8788
1487 4411 8789
1487 6378 8790
1487 8139 8791
1492 110 8792
1494 115 8793
1506 6609 8794
1508 883 8795
1513 5087 8796
1515 2910 8797
1518 3039 8798
1521 6347 8799
1539 151 8800
1545 3777 8801
1545 5307 8802
1545 5608 8803
1546 279 8804
1552 1702 8805
1557 8796 8806
1558 115 8807
1561 265 8808
1564 681 8809
1567 46 8810
1575 373 8811
1577 542 8812
1579 3535 8813
1595 581 8814
1598 621 8815
1603 44 8816
1604 259 8817
1605 2571 8818
1607 317 8819
1614 8349 8820
1616 5543 8821
1620 8583 8822
1623 1482 8823
1623 1578 8824
1623 1628 8825
1626 684 8826
1631 870 8827
1635 44 8828
1636 326 8829
1641 293 8830
1646 465 8831
1647 674 8832
1649 44 8833
1649 5207 8834
1653 44 8835
1683 45 8836
1686 415 8837
1696 5436 8838
1702 339 8839
1708 560 8840
1712 7835 8841
1716 58 8842
1721 1008 8843
1725 6035 8844
1730 2184 8845
1730 7757 8846
1736 330 8847
1738 509 8848
1738 4008 8849
1738 8817 8850
1750 1297 8851
1751 2203 8852
1756 308 8853
1764 272 8854
1764 8246 8855
1770 1222 8856
1772 339 8857
1774 259 8858
1783 8374 8859
1785 1749 8860
1804 1574 8861
1818 310 8862
1818 771 8863
1822 5579 8864
1836 6605 8865
1838 2914 8866
1840 2222 8867
1844 322 8868
1844 1509 8869
1845 1651 8870
1848 3214 8871
1850 423 8872
1852 2267 8873
1856 998 8874
1872 463 8875
1882 259 8876
1890 264 8877
1890 272 8878
1894 45 8879
1894 1791 8880
1907 908 8881
1911 399 8882
1913 6594 8883
1918 483 8884
1923 3021 8885
1933 44 8886
1936 813 8887
1946 831 8888
1948 1292 8889
1950 1069 8890
1951 2894 8891
1955 1138 8892
1956 7943 8893
1958 44 8894
1960 44 8895
1960 46 8896
1967 7103 8897
1970 44 8898
1972 108 8899
1975 58 8900
1976 44 8901
1980 602 8902
1990 3391 8903
2001 44 8904
2002 436 8905
2004 163 8906
2004 7833 8907
2005 1289 8908
2008 4934 8909
2019 539 8910
2020 366 8911
2021 7969 8912
2033 2206 8913
2038 44 8914
2048 2888 8915
2049 527 8916
2051 46 8917
2051 478 8918
2052 4230 8919
2057 1138 8920
2057 2815 8921
2057 5075 8922
2059 115 8923
2060 7412 8924
2061 44 8925
2064 1015 8926
2065 425 8927
2069 3773 8928
2074 4022 8929
2075 4183 8930
2076 3519 8931
2084 3272 8932
2084 6663 8933
2088 2294 8934
2094 44 8935
2094 45 8936
2119 274 8937
2122 2110 8938
2123 310 8939
2140 398 8940
2154 1945 8941
2163 1749 8942
2173 1393 8943
2184 313 8944
2186 1458 8945
2197 279 8946
2208 1113 8947
2223 985 8948
2230 527 8949
2238 46 8950
2239 266 8951
2245 7737 8952
2251 310 8953
2257 44 8954
2259 713 8955
2273 272 8956
2276 8385 8957
2276 8479 8958
2279 3903 8959
2284 796 8960
2284 2763 8961
2285 333 8962
2290 45 8963
2290 524 8964
2296 474 8965
2302 3397 8966
2308 115 8967
2308 529 8968
2313 347 8969
2313 3141 8970
2313 4934 8971
2321 403 8972
2321 1144 8973
2337 363 8974
2338 44 8975
2338 115 8976
2343 276 8977
2344 425 8978
2345 409 8979
2368 46 8980
2376 8552 8981
2378 539 8982
2389 4421 8983
2391 463 8984
2394 281 8985
2402 1237 8986
2405 2680 8987
2418 44 8988
2424 366 8989
2429 752 8990
2431 272 8991
2431 450 8992
2441 44 8993
2445 115 8994
2445 288 8995
2445 330 8996
2477 58 8997
2480 819 8998
2481 2547 8999
2489 4491 9000
2509 2369 9001
2510 1779 9002
2521 5521 9003
2525 820 9004
2526 270 9005
2529 47 9006
2541 5554 9007
2545 810 9008
2546 830 9009
2550 4541 9010
2576 3880 9011
2576 5085 9012
2584 697 9013
2584 715 9014
2584 5732 9015
2590 372 9016
2597 8472 9017
2612 277 9018
2618 7541 9019
2621 579 9020
2621 1089 9021
2625 350 9022
2626 476 9023
2640 1015 9024
2652 44 9025
2659 623 9026
2664 117 9027
2664 2138 9028
2664 2322 9029
2666 44 9030
2673 1086 9031
2673 8581 9032
2678 741 9033
2693 265 9034
2702 710 9035
2705 282 9036
2706 1408 9037
2711 830 9038
2715 4773 9039
2717 1076 9040
2728 279 9041
2743 432 9042
2743 465 9043
2749 353 9044
2749 559 9045
2749 7450 9046
2749 8772 9047
2773 1240 9048
2776 3238 9049
2777 1074 9050
2790 4918 9051
2793 288 9052
2801 1610 9053
2803 330 9054
2803 5407 9055
2807 3143 9056
2808 267 9057
2810 58 9058
2816 890 9059
2816 5327 9060
2816 6276 9061
2817 2048 9062
2822 2102 9063
2828 7958 9064
2832 1009 9065
2834 44 9066
2839 2687 9067
2849 9014 9068
2855 1610 9069
2858 3825 9070
2859 259 9071
2876 3922 9072
2882 1888 9073
2884 350 9074
2895 8442 9075
2900 6765 9076
2902 778 9077
2929 2007 9078
2961 7952 9079
2974 3231 9080
2979 4940 9081
2982 559 9082
2984 4200 9083
2987 538 9084
2987 2125 9085
2993 515 9086
3000 1916 9087
3001 634 9088
3001 7753 9089
3003 414 9090
3007 2336 9091
3007 6567 9092
3011 341 9093
3013 3240 9094
3015 288 9095
3026 277 9096
3046 386 9097
3048 360 9098
3049 1414 9099
3053 881 9100
3057 6401 9101
3057 8516 9102
3064 6545 9103
3102 44 9104
3126 281 9105
3126 1733 9106
3127 4130 9107
3130 453 9108
3167 1596 9109
3189 286 9110
3192 8864 9111
3196 8872 9112
3199 6331 9113
3203 4295 9114
3204 46 9115
3218 115 9116
3242 367 9117
3261 367 9118
3283 409 9119
3283 6483 9120
3287 8199 9121
3288 8206 9122
3289 698 9123
3299 684 9124
3316 308 9125
3327 5513 9126
3331 1503 9127
3341 44 9128
3383 358 9129
3387 7502 9130
3402 44 9131
3450 5025 9132
3458 430 9133
3469 330 9134
3471 286 9135
3474 657 9136
3480 8811 9137
3489 597 9138
3489 632 9139
3504 452 9140
3505 6570 9141
3510 351 9142
3511 59 9143
3513 115 9144
3523 2890 9145
3524 2879 9146
3534 3241 9147
3544 1624 9148
3567 776 9149
3571 302 9150
3571 8066 9151
3589 277 9152
3591 2871 9153
3608 264 9154
3615 3076 9155
3618 4824 9156
3625 8782 9157
3633 6136 9158
3641 310 9159
3643 830 9160
3649 287 9161
3649 3036 9162
3663 5303 9163
3665 2586 9164
3669 1951 9165
3672 288 9166
3678 272 9167
3699 611 9168
3709 293 9169
3737 863 9170
3745 1541 9171
3746 3849 9172
3755 1999 9173
3758 1330 9174
3760 3398 9175
3779 885 9176
3782 288 9177
3785 267 9178
3793 116 9179
3816 637 9180
3821 656 9181
3821 6686 9182
3827 277 9183
3827 9008 9184
3846 8014 9185
3851 295 9186
3855 330 9187
3858 541 9188
3869 6981 9189
3901 371 9190
3917 1793 9191
3920 4622 9192
3927 8517 9193
3957 2461 9194
3978 48 9195
3993 7402 9196
3999 46 9197
4004 1002 9198
4035 1954 9199
4041 330 9200
4051 512 9201
4051 3930 9202
4052 4577 9203
4070 359 9204
4103 3254 9205
4116 6386 9206
4135 436 9207
4138 3777 9208
4144 44 9209
4150 1057 9210
4155 65 9211
4156 2014 9212
4156 4712 9213
4160 750 9214
4161 5025 9215
4165 411 9216
4165 1043 9217
4177 548 9218
4177 1191 9219
4195 45 9220
4203 624 9221
4209 643 9222
4219 308 9223
4235 7985 9224
4239 312 9225
4239 899 9226
4241 160 9227
4244 1800 9228
4254 1260 9229
4264 4945 9230
4270 7965 9231
4282 340 9232
4286 2231 9233
4288 308 9234
4288 3253 9235
4291 8222 9236
4292 332 9237
4324 3561 9238
4332 1113 9239
4366 8123 9240
4374 463 9241
4380 330 9242
4399 2317 9243
4407 7878 9244
4428 8601 9245
4435 6155 9246
4441 58 9247
4448 1504 9248
4452 2880 9249
4463 947 9250
4472 293 9251
4475 5688 9252
4488 115 9253
4522 3904 9254
4526 1141 9255
4535 3213 9256
4541 295 9257
4543 310 9258
4544 771 9259
4544 1433 9260
4548 1796 9261
4557 8366 9262
4571 7500 9263
4593 8582 9264
4596 6283 9265
4601 8274 9266
4608 45 9267
4613 274 9268
4614 8791 9269
4620 3954 9270
4634 7766 9271
4640 1115 9272
4649 288 9273
4653 1023 9274
4677 483 9275
4685 2127 9276
4687 763 9277
4711 801 9278
4732 6413 9279
4743 478 9280
4750 350 9281
4760 5503 9282
4765 172 9283
4784 4790 9284
4792 44 9285
4799 3274 9286
4822 2965 9287
4841 736 9288
4851 7382 9289
4855 8980 9290
4866 330 9291
4877 44 9292
4878 259 9293
4893 848 9294
4900 421 9295
4911 279 9296
4911 7925 9297
4914 526 9298
4914 3572 9299
4932 363 9300
4937 115 9301
4944 1015 9302
4955 455 9303
4955 8318 9304
4971 3966 9305
4972 97 9306
4979 3508 9307
4979 4268 9308
4984 115 9309
4987 3213 9310
4988 288 9311
5020 272 9312
5024 1168 9313
5024 7865 9314
5064 935 9315
5074 2111 9316
5078 3484 9317
5083 429 9318
5083 881 9319
5086 1149 9320
5101 44 9321
5110 2339 9322
5118 44 9323
5136 269 9324
5142 1404 9325
5142 1800 9326
5143 308 9327
5148 1691 9328
5162 398 9329
5166 46 9330
5172 7556 9331
5180 272 9332
5226 1423 9333
5233 4020 9334
5238 399 9335
5239 7867 9336
5243 3397 9337
5244 281 9338
5245 463 9339
5252 269 9340
5260 270 9341
5261 8592 9342
5262 4653 9343
5274 407 9344
5284 584 9345
5285 4196 9346
5286 828 9347
5296 399 9348
5308 396 9349
5321 115 9350
5324 4975 9351
5348 6475 9352
5349 101 9353
5360 3218 9354
5362 115 9355
5378 360 9356
5382 810 9357
5386 302 9358
5399 8343 9359
5400 4256 9360
5402 7928 9361
5406 7939 9362
5410 681 9363
5414 8138 9364
5440 8663 9365
5449 4935 9366
5487 1865 9367
5495 8160 9368
5498 340 9369
5504 34 9370
5511 282 9371
5531 281 9372
5541 353 9373
5544 724 9374
5568 998 9375
5591 292 9376
5597 6953 9377
5601 279 9378
5605 774 9379
5616 1072 9380
5633 8008 9381
5634 2454 9382
5637 8356 9383
5650 288 9384
5669 45 9385
5670 2604 9386
5680 268 9387
5691 322 9388
5701 46 9389
5708 2361 9390
5710 5019 9391
5719 332 9392
5721 330 9393
5739 521 9394
5741 46 9395
5743 2677 9396
5750 6297 9397
5758 41 9398
5773 1449 9399
5779 1062 9400
5782 5075 9401
5784 776 9402
5785 3220 9403
5819 363 9404
5823 4747 9405
5835 367 9406
5838 1008 9407
5842 430 9408
5851 4021 9409
5866 2880 9410
5875 268 9411
5886 2956 9412
5938 115 9413
5942 8721 9414
5948 539 9415
5965 305 9416
5967 109 9417
6027 430 9418
6029 46 9419
6036 1008 9420
6038 350 9421
6043 41 9422
6046 308 9423
6054 892 9424
6061 41 9425
6067 3789 9426
6074 374 9427
6090 5044 9428
6097 559 9429
6101 59 9430
6118 499 9431
6175 6374 9432
6179 6339 9433
6180 549 9434
6182 267 9435
6194 8230 9436
6195 624 9437
6201 115 9438
6204 6832 9439
6206 58 9440
6207 443 9441
6210 355 9442
6216 104 9443
6219 7774 9444
6231 1071 9445
6261 6824 9446
6304 115 9447
6308 614 9448
6325 2298 9449
6400 259 9450
6406 757 9451
6421 848 9452
6427 820 9453
6439 885 9454
6448 4293 9455
6477 7698 9456
6479 354 9457
6516 373 9458
6518 46 9459
6522 9232 9460
6523 3109 9461
6524 2231 9462
6526 6670 9463
6535 7246 9464
6536 2598 9465
6541 1537 9466
6560 4248 9467
6568 8389 9468
6571 4410 9469
6579 574 9470
6610 354 9471
6617 7857 9472
6621 9415 9473
6628 274 9474
6638 9084 9475
6660 416 9476
6667 9142 9477
6668 1477 9478
6710 8031 9479
6713 9279 9480
6716 9286 9481
6726 259 9482
6732 416 9483
6747 2583 9484
6749 46 9485
6763 1101 9486
6793 9223 9487
6809 368 9488
6816 8756 9489
6828 259 9490
6839 596 9491
6850 1700 9492
6911 4824 9493
6947 1827 9494
6962 3226 9495
6969 801 9496
6970 2083 9497
6979 7009 9498
6986 3018 9499
6995 1394 9500
6999 3214 9501
7002 9358 9502
7003 5689 9503
7014 5500 9504
7020 314 9505
7054 7751 9506
7056 341 9507
7107 308 9508
7119 339 9509
7125 2965 9510
7129 97 9511
7142 1240 9512
7147 121 9513
7155 539 9514
7187 1943 9515
7188 259 9516
7238 406 9517
7262 715 9518
7266 292 9519
7289 8331 9520
7328 1639 9521
7335 1512 9522
7345 8157 9523
7384 105 9524
7408 362 9525
7442 9481 9526
7446 570 9527
7479 9196 9528
7490 9386 9529
7496 108 9530
7497 45 9531
7503 485 9532
7510 9006 9533
7561 411 9534
7566 7864 9535
7568 1680 9536
7569 4180 9537
7580 305 9538
7587 1442 9539
7590 7773 9540
7591 698 9541
7595 2953 9542
7618 7758 9543
7622 1679 9544
7629 643 9545
7633 8231 9546
7650 97 9547
7654 2530 9548
7668 9035 9549
7675 793 9550
7681 362 9551
7687 358 9552
7696 459 9553
7721 363 9554
7732 2898 9555
7739 396 9556
7742 1922 9557
7761 481 9558
7768 2558 9559
7772 644 9560
7783 3456 9561
7790 549 9562
7828 111 9563
7838 49 9564
7839 7904 9565
7877 752 9566
7887 401 9567
7888 297 9568
7892 354 9569
7901 440 9570
7903 3843 9571
7913 382 9572
7962 425 9573
7971 9123 9574
7973 7947 9575
7987 637 9576
7989 3033 9577
8009 4691 9578
8010 4220 9579
8017 6500 9580
8033 2005 9581
8035 9098 9582
8036 696 9583
8043 4673 9584
8047 7911 9585
8049 621 9586
8088 3629 9587
8090 302 9588
8092 8188 9589
8093 359 9590
8105 7841 9591
8124 512 9592
8129 8333 9593
8145 925 9594
8176 2841 9595
8189 1933 9596
8207 8368 9597
8216 288 9598
8232 1424 9599
8237 6820 9600
8241 7853 9601
8243 1638 9602
8245 354 9603
8251 850 9604
8252 3032 9605
8253 285 9606
8261 339 9607
8266 863 9608
8278 2310 9609
8281 7846 9610
8320 8747 9611
8321 537 9612
8323 8289 9613
8353 3171 9614
8365 110 9615
8370 554 9616
8372 3014 9617
8394 2925 9618
8399 4282 9619
8400 2750 9620
8431 4262 9621
8433 9263 9622
8439 268 9623
8460 6954 9624
8469 1290 9625
8485 44 9626
8493 288 9627
8499 3214 9628
8501 6527 9629
8521 585 9630
8538 259 9631
8539 345 9632
8551 9622 9633
8564 8528 9634
8587 58 9635
8635 8565 9636
8665 9633 9637
8676 3138 9638
8679 1367 9639
8681 264 9640
8744 167 9641
8760 3398 9642
8774 359 9643
8785 8902 9644
8813 624 9645
8822 7975 9646
8849 865 9647
8852 883 9648
8866 750 9649
8893 887 9650
8921 47 9651
8957 467 9652
8958 6160 9653
9019 554 9654
9070 373 9655
9072 373 9656
9075 539 9657
9076 282 9658
9080 5367 9659
9157 9248 9660
9185 3949 9661
9189 306 9662
9236 2214 9663
9240 8221 9664
9246 6148 9665
9361 166 9666
9383 4130 9667
9414 3574 9668
9444 8966 9669
9489 279 9670
9546 615 9671
9565 8599 9672
9637 6319 9673
34 41 9674
34 68 9675
34 89 9676
34 357 9677
34 438 9678
34 700 9679
34 777 9680
34 781 9681
34 1211 9682
34 1329 9683
34 1484 9684
34 2173 9685
34 2650 9686
34 2960 9687
34 3294 9688
34 4061 9689
34 4595 9690
34 4606 9691
34 5054 9692
34 5730 9693
34 6241 9694
34 7428 9695
34 9454 9696
36 975 9697
37 46 9698
39 46 9699
39 77 9700
39 280 9701
39 347 9702
39 389 9703
39 4417 9704
39 7769 9705
40 65 9706
40 68 9707
40 69 9708
40 84 9709
40 100 9710
40 102 9711
40 105 9712
40 225 9713
40 269 9714
40 288 9715
40 320 9716
40 338 9717
40 433 9718
40 444 9719
40 473 9720
40 563 9721
40 569 9722
40 602 9723
40 642 9724
40 703 9725
40 707 9726
40 732 9727
40 862 9728
40 877 9729
40 895 9730
40 911 9731
40 974 9732
40 1053 9733
40 1129 9734
40 1183 9735
40 1213 9736
40 1563 9737
40 1872 9738
40 2218 9739
40 2502 9740
40 2666 9741
40 2696 9742
40 2978 9743
40 3132 9744
40 3458 9745
40 4334 9746
40 4713 9747
40 4969 9748
40 5194 9749
40 5268 9750
40 5490 9751
40 6191 9752
40 6356 9753
40 6634 9754
40 6853 9755
40 7217 9756
40 7294 9757
40 7744 9758
40 7891 9759
41 91 9760
41 941 9761
41 3205 9762
43 7548 9763
43 9058 9764
44 579 9765
44 959 9766
44 7050 9767
45 47 9768
45 51 9769
45 68 9770
45 82 9771
45 101 9772
45 103 9773
45 107 9774
45 109 9775
45 115 9776
45 298 9777
45 353 9778
45 583 9779
45 623 9780
45 773 9781
45 909 9782
45 941 9783
45 943 9784
45 1161 9785
45 1563 9786
45 1680 9787
45 1879 9788
45 1888 9789
45 1912 9790
45 2289 9791
45 2725 9792
45 2788 9793
45 2962 9794
45 2980 9795
45 3010 9796
45 3054 9797
45 3477 9798
45 3667 9799
45 4534 9800
45 4554 9801
45 5057 9802
45 5156 9803
45 5918 9804
45 6072 9805
45 7067 9806
45 7396 9807
45 7684 9808
45 8559 9809
46 442 9810
46 1719 9811
46 1980 9812
46 3008 9813
46 5787 9814
47 50 9815
47 454 9816
47 973 9817
47 1341 9818
47 2996 9819
48 51 9820
48 52 9821
48 620 9822
49 88 9823
49 419 9824
49 498 9825
49 619 9826
49 870 9827
49 9124 9828
50 47 9829
50 91 9830
50 641 9831
50 707 9832
51 47 9833
51 291 9834
51 538 9835
51 564 9836
51 571 9837
51 620 9838
51 674 9839
51 684 9840
51 707 9841
51 1054 9842
51 1158 9843
51 6741 9844
52 441 9845
52 542 9846
52 571 9847
52 602 9848
52 620 9849
52 642 9850
52 707 9851
52 717 9852
52 880 9853
52 1668 9854
52 2143 9855
52 3311 9856
53 34 9857
53 56 9858
53 538 9859
53 543 9860
53 564 9861
53 620 9862
53 642 9863
53 684 9864
53 708 9865
53 717 9866
53 773 9867
53 1069 9868
53 1159 9869
53 1233 9870
53 1352 9871
53 1835 9872
53 2068 9873
53 2143 9874
53 3181 9875
53 4584 9876
54 267 9877
54 419 9878
54 684 9879
54 1054 9880
54 2143 9881
54 2278 9882
54 8780 9883
55 47 9884
55 51 9885
55 467 9886
55 642 9887
55 985 9888
55 1002 9889
55 1729 9890
55 2397 9891
55 2513 9892
55 6669 9893
55 7514 9894
56 267 9895
56 543 9896
56 684 9897
56 708 9898
56 780 9899
56 834 9900
56 1135 9901
56 1208 9902
56 2399 9903
57 41 9904
57 47 9905
57 57 9906
57 267 9907
57 461 9908
57 542 9909
57 543 9910
57 641 9911
57 642 9912
57 895 9913
57 1002 9914
57 1024 9915
57 1054 9916
57 1982 9917
63 44 9918
65 66 9919
65 73 9920
65 82 9921
65 83 9922
65 121 9923
65 323 9924
65 544 9925
65 557 9926
65 863 9927
65 1491 9928
65 1918 9929
65 2841 9930
65 6328 9931
65 6504 9932
65 8270 9933
65 8906 9934
66 82 9935
66 269 9936
66 275 9937
66 305 9938
66 380 9939
66 394 9940
66 526 9941
66 1358 9942
66 2017 9943
66 4348 9944
66 4359 9945
66 5249 9946
66 5373 9947
67 58 9948
67 68 9949
67 79 9950
67 82 9951
67 114 9952
67 270 9953
67 368 9954
67 429 9955
67 608 9956
67 804 9957
67 849 9958
67 1226 9959
67 1392 9960
67 1541 9961
67 1608 9962
67 2079 9963
67 2572 9964
67 4208 9965
68 83 9966
68 97 9967
68 111 9968
68 290 9969
68 402 9970
68 415 9971
68 600 9972
68 945 9973
68 1171 9974
68 1223 9975
68 1681 9976
68 7815 9977
69 83 9978
69 114 9979
69 296 9980
69 635 9981
69 804 9982
69 963 9983
69 968 9984
70 58 9985
70 105 9986
70 493 9987
70 629 9988
70 930 9989
70 1293 9990
70 1599 9991
70 3212 9992
70 4097 9993
70 4830 9994
70 7934 9995
71 105 9996
71 274 9997
71 291 9998
71 323 9999
71 424 10000
71 471 10001
71 517 10002
71 551 10003
71 804 10004
71 1634 10005
71 1635 10006
71 2036 10007
71 3780 10008
71 4155 10009
71 4906 10010
71 6342 10011
72 287 10012
72 399 10013
72 410 10014
72 677 10015
72 797 10016
72 804 10017
72 1588 10018
72 3747 10019
72 5792 10020
72 6089 10021
72 7582 10022
73 44 10023
73 102 10024
73 121 10025
73 269 10026
73 380 10027
73 486 10028
73 2185 10029
73 3437 10030
74 333 10031
74 399 10032
74 410 10033
74 431 10034
74 529 10035
74 789 10036
74 1286 10037
74 1423 10038
74 3779 10039
74 6353 10040
74 8003 10041
75 292 10042
75 407 10043
75 549 10044
75 557 10045
75 1210 10046
75 2675 10047
75 4173 10048
75 8225 10049
75 9922 10050
76 68 10051
76 269 10052
76 281 10053
76 414 10054
76 804 10055
76 818 10056
76 993 10057
76 1071 10058
76 1615 10059
76 2238 10060
76 3219 10061
76 3966 10062
77 65 10063
77 70 10064
77 111 10065
77 287 10066
77 290 10067
77 305 10068
77 313 10069
77 333 10070
77 375 10071
77 526 10072
77 548 10073
77 549 10074
77 726 10075
77 1254 10076
77 2410 10077
77 2433 10078
77 3256 10079
77 8180 10080
77 8214 10081
78 80 10082
78 89 10083
78 105 10084
78 407 10085
78 468 10086
78 608 10087
78 633 10088
78 670 10089
78 797 10090
78 1333 10091
78 1423 10092
78 2734 10093
78 3535 10094
78 4603 10095
79 77 10096
79 106 10097
79 112 10098
79 375 10099
79 1545 10100
80 82 10101
80 290 10102
80 307 10103
80 330 10104
80 336 10105
80 394 10106
80 573 10107
80 634 10108
80 753 10109
80 881 10110
80 1101 10111
80 1460 10112
80 1599 10113
80 1681 10114
80 1689 10115
80 2410 10116
80 3076 10117
80 3256 10118
80 5048 10119
82 41 10120
82 44 10121
82 117 10122
82 118 10123
82 275 10124
82 287 10125
82 314 10126
82 382 10127
82 410 10128
82 414 10129
82 468 10130
82 548 10131
82 1337 10132
82 1851 10133
82 1916 10134
82 2121 10135
83 73 10136
83 78 10137
83 89 10138
83 97 10139
83 332 10140
83 382 10141
83 533 10142
83 548 10143
83 561 10144
83 844 10145
83 932 10146
83 1006 10147
83 1071 10148
83 1210 10149
83 1611 10150
83 1684 10151
83 1828 10152
83 2056 10153
83 3700 10154
83 5250 10155
83 7586 10156
83 8140 10157
83 8212 10158
83 8507 10159
84 41 10160
84 121 10161
84 333 10162
84 375 10163
84 399 10164
84 561 10165
84 676 10166
84 1084 10167
84 1682 10168
84 1732 10169
84 1736 10170
84 2412 10171
84 2904 10172
84 3087 10173
84 4864 10174
84 7529 10175
84 7533 10176
84 8292 10177
84 10051 10178
85 46 10179
85 68 10180
85 108 10181
85 2185 10182
85 6215 10183
86 290 10184
86 881 10185
86 1084 10186
86 2667 10187
86 4149 10188
86 7995 10189
86 9790 10190
87 97 10191
87 101 10192
87 348 10193
87 691 10194
87 1172 10195
87 1399 10196
87 2099 10197
88 2667 10198
88 4901 10199
88 10187 10200
89 358 10201
89 608 10202
89 615 10203
91 50 10204
91 52 10205
91 98 10206
91 100 10207
91 554 10208
91 563 10209
91 665 10210
91 941 10211
91 1310 10212
91 3499 10213
92 280 10214
92 6994 10215
93 59 10216
93 543 10217
97 203 10218
97 275 10219
97 341 10220
97 368 10221
97 382 10222
97 677 10223
97 1001 10224
97 2242 10225
98 44 10226
98 46 10227
98 629 10228
98 1399 10229
98 1499 10230
98 2198 10231
98 3330 10232
99 330 10233
99 481 10234
99 489 10235
99 607 10236
99 646 10237
99 698 10238
99 961 10239
99 1531 10240
99 1704 10241
99 1809 10242
99 2572 10243
99 2702 10244
99 2732 10245
99 3378 10246
99 6462 10247
99 6505 10248
100 100 10249
100 314 10250
100 405 10251
100 463 10252
100 492 10253
100 919 10254
100 1681 10255
